"slug","title_en","title_ar","template_code","category_code","specialty","public_path","source_file","patient_copy","mapping_status"
"abdominal-aortic-aneurysm","Abdominal Aortic Aneurysm","","imc-approved-abdominal-aortic-aneurysm","","","/approved-consent-forms/abdominal-aortic-aneurysm.pdf","Abdominal Aortic Aneurysm.pdf","False","NEEDS_REVIEW"
"abdominal-aortic-aneurysm","Abdominal Aortic Aneurysm","","imc-approved-abdominal-aortic-aneurysm","","","/approved-consent-forms-patient-copy/abdominal-aortic-aneurysm-patient-copy.pdf","Abdominal Aortic Aneurysm - Patient Copy.pdf","True","NEEDS_REVIEW"
"abdominoperineal-resection-of-rectum","Abdominoperineal Resection of Rectum","","imc-approved-abdominoperineal-resection-of-rectum","","","/approved-consent-forms/abdominoperineal-resection-of-rectum.pdf","Abdominoperineal Resection of Rectum.pdf","False","NEEDS_REVIEW"
"abdominoperineal-resection-of-rectum","Abdominoperineal Resection of Rectum","","imc-approved-abdominoperineal-resection-of-rectum","","","/approved-consent-forms-patient-copy/abdominoperineal-resection-of-rectum-patient-copy.pdf","Abdominoperineal Resection of Rectum - Patient Copy.pdf","True","NEEDS_REVIEW"
"abdominoplasty","Abdominoplasty","","imc-approved-abdominoplasty","","","/approved-consent-forms/abdominoplasty.pdf","Abdominoplasty.pdf","False","NEEDS_REVIEW"
"abdominoplasty","Abdominoplasty","","imc-approved-abdominoplasty","","","/approved-consent-forms-patient-copy/abdominoplasty-patient-copy.pdf","Abdominoplasty - Patient Copy.pdf","True","NEEDS_REVIEW"
"adenotonsillectomy","Adenotonsillectomy","","imc-approved-adenotonsillectomy","","","/approved-consent-forms/adenotonsillectomy.pdf","Adenotonsillectomy.pdf","False","NEEDS_REVIEW"
"adenotonsillectomy","Adenotonsillectomy","","imc-approved-adenotonsillectomy","","","/approved-consent-forms-patient-copy/adenotonsillectomy-patient-copy.pdf","Adenotonsillectomy - Patient Copy.pdf","True","NEEDS_REVIEW"
"allergen-immunotherapy","Allergen Immunotherapy","","imc-approved-allergen-immunotherapy","","","/approved-consent-forms/allergen-immunotherapy.pdf","Allergen Immunotherapy.pdf","False","NEEDS_REVIEW"
"allergy-skin-test-consent-and-informed","Allergy Skin Test consent and informed","","imc-approved-allergy-skin-test-consent-and-informed","","","/approved-consent-forms/allergy-skin-test-consent-and-informed.pdf","Allergy Skin Test consent and informed.pdf","False","NEEDS_REVIEW"
"amniocentesis-chorionic-villus-sampling","Amniocentesis Chorionic Villus Sampling","","imc-approved-amniocentesis-chorionic-villus-sampling","","","/approved-consent-forms-patient-copy/amniocentesis-chorionic-villus-sampling-patient-copy.pdf","Amniocentesis Chorionic Villus Sampling - Patient  Copy.pdf","True","NEEDS_REVIEW"
"amputation","Amputation","","imc-approved-amputation","","","/approved-consent-forms/amputation.pdf","Amputation.pdf","False","NEEDS_REVIEW"
"amputation","Amputation","","imc-approved-amputation","","","/approved-consent-forms-patient-copy/amputation-patient-copy.pdf","Amputation - Patient Copy.pdf","True","NEEDS_REVIEW"
"anesthesia-patient-consent","Anesthesia - Patient Consent","","imc-approved-anesthesia-patient-consent","","","/approved-consent-forms/anesthesia-patient-consent.pdf","Anesthesia - Patient Consent.pdf","False","NEEDS_REVIEW"
"angiogram-and-plasty-stenting","Angiogram and Plasty Stenting","","imc-approved-angiogram-and-plasty-stenting","","","/approved-consent-forms/angiogram-and-plasty-stenting.pdf","Angiogram and Plasty Stenting.pdf","False","NEEDS_REVIEW"
"angiogram-and-plasty-stenting","Angiogram and Plasty Stenting","","imc-approved-angiogram-and-plasty-stenting","","","/approved-consent-forms-patient-copy/angiogram-and-plasty-stenting-patient-copy.pdf","Angiogram and Plasty Stenting - Patient Copy.pdf","True","NEEDS_REVIEW"
"angiogram-with-mechanical-thrombectomy-any-body-part","Angiogram with mechanical Thrombectomy (any body part)","","imc-approved-angiogram-with-mechanical-thrombectomy-any-body-part","","","/approved-consent-forms/angiogram-with-mechanical-thrombectomy-any-body-part.pdf","Angiogram with mechanical Thrombectomy (any body part).pdf","False","NEEDS_REVIEW"
"appendicectomy-open","Appendicectomy - Open","","imc-approved-appendicectomy-open","","","/approved-consent-forms/appendicectomy-open.pdf","Appendicectomy - Open.pdf","False","NEEDS_REVIEW"
"appendicectomy-open","Appendicectomy - Open","","imc-approved-appendicectomy-open","","","/approved-consent-forms-patient-copy/appendicectomy-open-patient-copy.pdf","Appendicectomy - Open - Patient Copy.pdf","True","NEEDS_REVIEW"
"arteriovenous-fistula","Arteriovenous Fistula","","imc-approved-arteriovenous-fistula","","","/approved-consent-forms/arteriovenous-fistula.pdf","Arteriovenous Fistula.pdf","False","NEEDS_REVIEW"
"arteriovenous-goretex-loop-graft","Arteriovenous Goretex Loop Graft","","imc-approved-arteriovenous-goretex-loop-graft","","","/approved-consent-forms/arteriovenous-goretex-loop-graft.pdf","Arteriovenous Goretex Loop Graft.pdf","False","NEEDS_REVIEW"
"arthrogram","Arthrogram","","imc-approved-arthrogram","","","/approved-consent-forms/arthrogram.pdf","Arthrogram.pdf","False","NEEDS_REVIEW"
"arthrogram","Arthrogram","","imc-approved-arthrogram","","","/approved-consent-forms-patient-copy/arthrogram-patient-copy.pdf","Arthrogram - Patient Copy.pdf","True","NEEDS_REVIEW"
"arthroplasty-consent","Arthroplasty Consent","","imc-approved-arthroplasty-consent","","","/approved-consent-forms/arthroplasty-consent.pdf","Arthroplasty Consent.pdf","False","NEEDS_REVIEW"
"aspiration-drainage-under-imaging","Aspiration Drainage Under Imaging","","imc-approved-aspiration-drainage-under-imaging","","","/approved-consent-forms/aspiration-drainage-under-imaging.pdf","Aspiration Drainage Under Imaging.pdf","False","NEEDS_REVIEW"
"aspiration-drainage-under-imaging","Aspiration Drainage under Imaging","","imc-approved-aspiration-drainage-under-imaging","","","/approved-consent-forms-patient-copy/aspiration-drainage-under-imaging-patient-copy.pdf","Aspiration Drainage under Imaging - Patient Copy.pdf","True","NEEDS_REVIEW"
"bartholin-s-glands","Bartholin's Glands","","imc-approved-bartholin-s-glands","","","/approved-consent-forms/bartholin-s-glands.pdf","Bartholin's Glands.pdf","False","NEEDS_REVIEW"
"biopsy-under-imaging","Biopsy Under Imaging","","imc-approved-biopsy-under-imaging","","","/approved-consent-forms/biopsy-under-imaging.pdf","Biopsy Under Imaging.pdf","False","NEEDS_REVIEW"
"biopsy-under-imaging","Biopsy Under Imaging","","imc-approved-biopsy-under-imaging","","","/approved-consent-forms-patient-copy/biopsy-under-imaging-patient-copy.pdf","Biopsy Under Imaging - Patient Copy.pdf","True","NEEDS_REVIEW"
"blepharoplasty","Blepharoplasty","","imc-approved-blepharoplasty","","","/approved-consent-forms/blepharoplasty.pdf","Blepharoplasty.pdf","False","NEEDS_REVIEW"
"blood-and-blood-products-transfusion","Blood and Blood Products Transfusion","","imc-approved-blood-and-blood-products-transfusion","","","/approved-consent-forms/blood-and-blood-products-transfusion.pdf","Blood and Blood Products Transfusion.pdf","False","NEEDS_REVIEW"
"blood-and-blood-products-transfusion-consent","Blood and blood products transfusion consent","","imc-approved-blood-and-blood-products-transfusion-consent","","","/approved-consent-forms-patient-copy/blood-and-blood-products-transfusion-consent-patient-copy.pdf","Blood and blood products transfusion consent - Patient Copy.pdf","True","NEEDS_REVIEW"
"breast-abscess-haematoma","Breast Abscess Haematoma","","imc-approved-breast-abscess-haematoma","","","/approved-consent-forms/breast-abscess-haematoma.pdf","Breast Abscess Haematoma.pdf","False","NEEDS_REVIEW"
"breast-abscess-haematoma","Breast Abscess Haematoma","","imc-approved-breast-abscess-haematoma","","","/approved-consent-forms-patient-copy/breast-abscess-haematoma-patient-copy.pdf","Breast Abscess Haematoma - Patient Copy.pdf","True","NEEDS_REVIEW"
"breast-biopsy-aspiration","Breast Biopsy Aspiration","","imc-approved-breast-biopsy-aspiration","","","/approved-consent-forms/breast-biopsy-aspiration.pdf","Breast Biopsy Aspiration.pdf","False","NEEDS_REVIEW"
"breast-biopsy-aspiration","Breast Biopsy Aspiration","","imc-approved-breast-biopsy-aspiration","","","/approved-consent-forms-patient-copy/breast-biopsy-aspiration-patient-copy.pdf","Breast Biopsy Aspiration - Patient Copy.pdf","True","NEEDS_REVIEW"
"breast-microdochotomy","Breast Microdochotomy","","imc-approved-breast-microdochotomy","","","/approved-consent-forms/breast-microdochotomy.pdf","Breast Microdochotomy.pdf","False","NEEDS_REVIEW"
"breast-microdochotomy","Breast Microdochotomy","","imc-approved-breast-microdochotomy","","","/approved-consent-forms-patient-copy/breast-microdochotomy-patient-copy.pdf","Breast Microdochotomy - Patient Copy.pdf","True","NEEDS_REVIEW"
"breast-wide-local-excision","Breast Wide LocaL Excision","","imc-approved-breast-wide-local-excision","","","/approved-consent-forms/breast-wide-local-excision.pdf","Breast Wide LocaL Excision.pdf","False","NEEDS_REVIEW"
"burch-colposuspension","Burch Colposuspension","","imc-approved-burch-colposuspension","","","/approved-consent-forms/burch-colposuspension.pdf","Burch Colposuspension.pdf","False","NEEDS_REVIEW"
"burns","Burns","","imc-approved-burns","","","/approved-consent-forms/burns.pdf","Burns.pdf","False","NEEDS_REVIEW"
"burns","Burns","","imc-approved-burns","","","/approved-consent-forms-patient-copy/burns-patient-copy.pdf","Burns - Patient Copy.pdf","True","NEEDS_REVIEW"
"burns-child-young-person","Burns (Child-Young Person)","","imc-approved-burns-child-young-person","","","/approved-consent-forms/burns-child-young-person.pdf","Burns (Child-Young Person).pdf","False","NEEDS_REVIEW"
"burns-child-young-person","Burns (Child-Young Person)","","imc-approved-burns-child-young-person","","","/approved-consent-forms-patient-copy/burns-child-young-person-patient-copy.pdf","Burns (Child-Young Person) - Patient Copy.pdf","True","NEEDS_REVIEW"
"caesarean-section","Caesarean Section","","imc-approved-caesarean-section","","","/approved-consent-forms/caesarean-section.pdf","Caesarean Section.pdf","False","NEEDS_REVIEW"
"capsule-endoscopy","Capsule Endoscopy","","imc-approved-capsule-endoscopy","","","/approved-consent-forms/capsule-endoscopy.pdf","Capsule Endoscopy.pdf","False","NEEDS_REVIEW"
"capsule-endoscopy","Capsule Endoscopy","","imc-approved-capsule-endoscopy","","","/approved-consent-forms-patient-copy/capsule-endoscopy-patient-copy.pdf","Capsule Endoscopy - Patient copy.pdf","True","NEEDS_REVIEW"
"cardioversion","Cardioversion","","imc-approved-cardioversion","","","/approved-consent-forms/cardioversion.pdf","Cardioversion.pdf","False","NEEDS_REVIEW"
"cardioversion","Cardioversion","","imc-approved-cardioversion","","","/approved-consent-forms-patient-copy/cardioversion-patient-copy.pdf","Cardioversion - Patient Copy.pdf","True","NEEDS_REVIEW"
"carotid-endarterectomy","Carotid Endarterectomy","","imc-approved-carotid-endarterectomy","","","/approved-consent-forms/carotid-endarterectomy.pdf","Carotid Endarterectomy.pdf","False","NEEDS_REVIEW"
"carotid-endarterectomy","Carotid Endarterectomy","","imc-approved-carotid-endarterectomy","","","/approved-consent-forms-patient-copy/carotid-endarterectomy-patient-copy.pdf","Carotid Endarterectomy - Patient Copy.pdf","True","NEEDS_REVIEW"
"carotid-stenting","Carotid Stenting","","imc-approved-carotid-stenting","","","/approved-consent-forms/carotid-stenting.pdf","Carotid Stenting (1).pdf","False","NEEDS_REVIEW"
"cataract-surgery","Cataract Surgery","","imc-approved-cataract-surgery","","","/approved-consent-forms/cataract-surgery.pdf","Cataract Surgery.pdf","False","NEEDS_REVIEW"
"catheter-check-with-iv-iodinated-contrast","Catheter Check with IV Iodinated Contrast","","imc-approved-catheter-check-with-iv-iodinated-contrast","","","/approved-consent-forms-patient-copy/catheter-check-with-iv-iodinated-contrast-patient-copy.pdf","Catheter Check with IV Iodinated Contrast - Patient  Copy.pdf","True","NEEDS_REVIEW"
"cautery-to-cervix","Cautery to Cervix","","imc-approved-cautery-to-cervix","","","/approved-consent-forms/cautery-to-cervix.pdf","Cautery to Cervix.pdf","False","NEEDS_REVIEW"
"central-vascular-access-device-insertion","Central Vascular Access Device Insertion","","imc-approved-central-vascular-access-device-insertion","","","/approved-consent-forms/central-vascular-access-device-insertion.pdf","Central Vascular Access Device Insertion.pdf","False","NEEDS_REVIEW"
"central-vascular-access-device-insertion","Central Vascular Access Device Insertion","","imc-approved-central-vascular-access-device-insertion","","","/approved-consent-forms-patient-copy/central-vascular-access-device-insertion-patient-copy.pdf","Central Vascular Access Device Insertion - Patient  Copy.pdf","True","NEEDS_REVIEW"
"cerebral-angiogram-aneurysm-coiling-flow-diverter","Cerebral Angiogram - Aneurysm Coiling - Flow Diverter","","imc-approved-cerebral-angiogram-aneurysm-coiling-flow-diverter","","","/approved-consent-forms/cerebral-angiogram-aneurysm-coiling-flow-diverter.pdf","Cerebral Angiogram - Aneurysm Coiling - Flow Diverter.pdf","False","NEEDS_REVIEW"
"cerebral-angiogram-cerebral-thrombectomy","Cerebral Angiogram - Cerebral Thrombectomy","","imc-approved-cerebral-angiogram-cerebral-thrombectomy","","","/approved-consent-forms/cerebral-angiogram-cerebral-thrombectomy.pdf","Cerebral Angiogram - Cerebral Thrombectomy.pdf","False","NEEDS_REVIEW"
"cerebral-vasospasm-treatment","Cerebral Vasospasm Treatment","","imc-approved-cerebral-vasospasm-treatment","","","/approved-consent-forms/cerebral-vasospasm-treatment.pdf","Cerebral Vasospasm Treatment.pdf","False","NEEDS_REVIEW"
"cerebral-vasospasm-treatment","Cerebral Vasospasm Treatment","","imc-approved-cerebral-vasospasm-treatment","","","/approved-consent-forms-patient-copy/cerebral-vasospasm-treatment-patient-copy.pdf","Cerebral Vasospasm Treatment - Patient Copy.pdf","True","NEEDS_REVIEW"
"chalazion-curettage","Chalazion Curettage","","imc-approved-chalazion-curettage","","","/approved-consent-forms/chalazion-curettage.pdf","Chalazion Curettage.pdf","False","NEEDS_REVIEW"
"chemabrasion-and-dermabrasion","Chemabrasion and Dermabrasion","","imc-approved-chemabrasion-and-dermabrasion","","","/approved-consent-forms/chemabrasion-and-dermabrasion.pdf","Chemabrasion and Dermabrasion.pdf","False","NEEDS_REVIEW"
"chemabrasion-and-dermabrasion","Chemabrasion and Dermabrasion","","imc-approved-chemabrasion-and-dermabrasion","","","/approved-consent-forms-patient-copy/chemabrasion-and-dermabrasion-patient-copy.pdf","Chemabrasion and Dermabrasion - Patient Copy.pdf","True","NEEDS_REVIEW"
"cholangiogram-percutaneous-or-biliary-drainstent","Cholangiogram (Percutaneous) &or Biliary DrainStent","","imc-approved-cholangiogram-percutaneous-or-biliary-drainstent","","","/approved-consent-forms/cholangiogram-percutaneous-or-biliary-drainstent.pdf","Cholangiogram (Percutaneous) &or Biliary DrainStent.pdf","False","NEEDS_REVIEW"
"cholangiogram-percutaneous-or-biliary-drainstent","Cholangiogram (Percutaneous) &or Biliary DrainStent","","imc-approved-cholangiogram-percutaneous-or-biliary-drainstent","","","/approved-consent-forms-patient-copy/cholangiogram-percutaneous-or-biliary-drainstent-patient-copy.pdf","Cholangiogram (Percutaneous) &or Biliary DrainStent - Patient Copy.pdf","True","NEEDS_REVIEW"
"cholecystectomy-laparoscopic","Cholecystectomy Laparoscopic","","imc-approved-cholecystectomy-laparoscopic","","","/approved-consent-forms/cholecystectomy-laparoscopic.pdf","Cholecystectomy Laparoscopic.pdf","False","NEEDS_REVIEW"
"cholecystectomy-laparoscopic","Cholecystectomy Laparoscopic","","imc-approved-cholecystectomy-laparoscopic","","","/approved-consent-forms-patient-copy/cholecystectomy-laparoscopic-patient-copy.pdf","Cholecystectomy Laparoscopic - Patient Copy.pdf","True","NEEDS_REVIEW"
"cholecystectomy-open","Cholecystectomy Open","","imc-approved-cholecystectomy-open","","","/approved-consent-forms/cholecystectomy-open.pdf","Cholecystectomy Open.pdf","False","NEEDS_REVIEW"
"cholecystectomy-open","Cholecystectomy Open","","imc-approved-cholecystectomy-open","","","/approved-consent-forms-patient-copy/cholecystectomy-open-patient-copy.pdf","Cholecystectomy Open - Patient Copy.pdf","True","NEEDS_REVIEW"
"cholecystectomy-open-and-exploration-of-the-common-bile-duct","Cholecystectomy Open and Exploration of the Common Bile Duct","","imc-approved-cholecystectomy-open-and-exploration-of-the-common-bile-duct","","","/approved-consent-forms/cholecystectomy-open-and-exploration-of-the-common-bile-duct.pdf","Cholecystectomy Open and Exploration of the Common Bile Duct.pdf","False","NEEDS_REVIEW"
"cholecystectomy-open-and-exploration-of-the-common-bile-duct","Cholecystectomy Open and Exploration of the Common Bile Duct","","imc-approved-cholecystectomy-open-and-exploration-of-the-common-bile-duct","","","/approved-consent-forms-patient-copy/cholecystectomy-open-and-exploration-of-the-common-bile-duct-patient-copy.pdf","Cholecystectomy Open and Exploration of the Common Bile Duct - Patient Copy.pdf","True","NEEDS_REVIEW"
"cholecystoduodenostomy-enterostomy","Cholecystoduodenostomy - Enterostomy","","imc-approved-cholecystoduodenostomy-enterostomy","","","/approved-consent-forms/cholecystoduodenostomy-enterostomy.pdf","Cholecystoduodenostomy - Enterostomy.pdf","False","NEEDS_REVIEW"
"cholecystoduodenostomy-enterostomy","Cholecystoduodenostomy - Enterostomy","","imc-approved-cholecystoduodenostomy-enterostomy","","","/approved-consent-forms-patient-copy/cholecystoduodenostomy-enterostomy-patient-copy.pdf","Cholecystoduodenostomy - Enterostomy - Patient Copy.pdf","True","NEEDS_REVIEW"
"circumcision-adult","Circumcision - (Adult)","","imc-approved-circumcision-adult","","","/approved-consent-forms/circumcision-adult.pdf","Circumcision - (Adult).pdf","False","NEEDS_REVIEW"
"circumcision-adult","Circumcision - (Adult)","","imc-approved-circumcision-adult","","","/approved-consent-forms-patient-copy/circumcision-adult-patient-copy.pdf","Circumcision - (Adult) Patient Copy.pdf","True","NEEDS_REVIEW"
"circumcision-child-young-person","Circumcision (Child-Young Person)","","imc-approved-circumcision-child-young-person","","","/approved-consent-forms/circumcision-child-young-person.pdf","Circumcision (Child-Young Person).pdf","False","NEEDS_REVIEW"
"circumcision-child-young-person","Circumcision (Child-Young Person)","","imc-approved-circumcision-child-young-person","","","/approved-consent-forms-patient-copy/circumcision-child-young-person-patient-copy.pdf","Circumcision (Child-Young Person) - Patient Copy.pdf","True","NEEDS_REVIEW"
"coiling-embolisation-of-intracranial-aneurysm","Coiling embolisation of Intracranial Aneurysm","","imc-approved-coiling-embolisation-of-intracranial-aneurysm","","","/approved-consent-forms/coiling-embolisation-of-intracranial-aneurysm.pdf","Coiling embolisation of Intracranial Aneurysm.pdf","False","NEEDS_REVIEW"
"coiling-embolisation-of-intracranial-aneurysm","Coiling embolisation of Intracranial Aneurysm","","imc-approved-coiling-embolisation-of-intracranial-aneurysm","","","/approved-consent-forms-patient-copy/coiling-embolisation-of-intracranial-aneurysm-patient-copy.pdf","Coiling embolisation of Intracranial Aneurysm - Patient Copy.pdf","True","NEEDS_REVIEW"
"colonoscopy","Colonoscopy","","imc-approved-colonoscopy","","","/approved-consent-forms/colonoscopy.pdf","Colonoscopy.pdf","False","NEEDS_REVIEW"
"colonoscopy","Colonoscopy","","imc-approved-colonoscopy","","","/approved-consent-forms-patient-copy/colonoscopy-patient-copy.pdf","Colonoscopy - Patient copy.pdf","True","NEEDS_REVIEW"
"colposuspension","Colposuspension","","imc-approved-colposuspension","","","/approved-consent-forms/colposuspension.pdf","Colposuspension.pdf","False","NEEDS_REVIEW"
"colposuspension-cystoscopy","Colposuspension & Cystoscopy","","imc-approved-colposuspension-cystoscopy","","","/approved-consent-forms/colposuspension-cystoscopy.pdf","Colposuspension & Cystoscopy.pdf","False","NEEDS_REVIEW"
"cone-biopsy","Cone Biopsy","","imc-approved-cone-biopsy","","","/approved-consent-forms/cone-biopsy.pdf","Cone Biopsy.pdf","False","NEEDS_REVIEW"
"consent-for-anesthesia-patient-education","Consent for Anesthesia - Patient Education","","imc-approved-consent-for-anesthesia-patient-education","","","/approved-consent-forms/consent-for-anesthesia-patient-education.pdf","Consent for Anesthesia - Patient Education.pdf","False","NEEDS_REVIEW"
"consent-form-bariatric","Consent Form Bariatric","","imc-approved-consent-form-bariatric","","","/approved-consent-forms/consent-form-bariatric.pdf","Consent Form Bariatric.pdf","False","NEEDS_REVIEW"
"consent-form-botulinium","Consent Form - Botulinium","","imc-approved-consent-form-botulinium","","","/approved-consent-forms/consent-form-botulinium.pdf","Consent Form - Botulinium.pdf","False","NEEDS_REVIEW"
"consent-form-chemical-peeling","Consent Form - Chemical Peeling","","imc-approved-consent-form-chemical-peeling","","","/approved-consent-forms/consent-form-chemical-peeling.pdf","Consent Form - Chemical Peeling.pdf","False","NEEDS_REVIEW"
"consent-form-filler","Consent Form - Filler","","imc-approved-consent-form-filler","","","/approved-consent-forms/consent-form-filler.pdf","Consent Form - Filler.pdf","False","NEEDS_REVIEW"
"consent-form-high-intensity-focused-ultrasound-hifu-consent","Consent Form -High-Intensity Focused Ultrasound (HIFU) Consent","","imc-approved-consent-form-high-intensity-focused-ultrasound-hifu-consent","","","/approved-consent-forms/consent-form-high-intensity-focused-ultrasound-hifu-consent.pdf","Consent Form -High-Intensity Focused Ultrasound (HIFU) Consent.pdf","False","NEEDS_REVIEW"
"consent-form-hydrafacial-consent-form","Consent Form -HydraFacial Consent Form","","imc-approved-consent-form-hydrafacial-consent-form","","","/approved-consent-forms/consent-form-hydrafacial-consent-form.pdf","Consent Form -HydraFacial Consent Form.pdf","False","NEEDS_REVIEW"
"consent-form-injection","Consent Form - Injection","","imc-approved-consent-form-injection","","","/approved-consent-forms/consent-form-injection.pdf","Consent Form - Injection.pdf","False","NEEDS_REVIEW"
"consent-form-isotretinoin-consent-form","Consent Form -Isotretinoin Consent Form","","imc-approved-consent-form-isotretinoin-consent-form","","","/approved-consent-forms/consent-form-isotretinoin-consent-form.pdf","Consent Form -Isotretinoin Consent Form.pdf","False","NEEDS_REVIEW"
"consent-form-laser-hair-removal-consent","Consent Form -Laser Hair Removal Consent","","imc-approved-consent-form-laser-hair-removal-consent","","","/approved-consent-forms/consent-form-laser-hair-removal-consent.pdf","Consent Form -Laser Hair Removal Consent.pdf","False","NEEDS_REVIEW"
"consent-form-laser-treatment-skin-rejuvantion-and-scar-treatment","Consent Form - Laser Treatment Skin Rejuvantion and Scar Treatment","","imc-approved-consent-form-laser-treatment-skin-rejuvantion-and-scar-treatment","","","/approved-consent-forms/consent-form-laser-treatment-skin-rejuvantion-and-scar-treatment.pdf","Consent Form - Laser Treatment Skin Rejuvantion and Scar Treatment.pdf","False","NEEDS_REVIEW"
"consent-form-microneedling-radiofrequency-matrix-pro-consent","Consent Form -Microneedling Radiofrequency (Matrix Pro) Consent","","imc-approved-consent-form-microneedling-radiofrequency-matrix-pro-consent","","","/approved-consent-forms/consent-form-microneedling-radiofrequency-matrix-pro-consent.pdf","Consent Form -Microneedling Radiofrequency (Matrix Pro) Consent.pdf","False","NEEDS_REVIEW"
"consent-form-phototherapy-excimer-laser-consent-form","Consent Form -Phototherapy Excimer Laser Consent Form","","imc-approved-consent-form-phototherapy-excimer-laser-consent-form","","","/approved-consent-forms/consent-form-phototherapy-excimer-laser-consent-form.pdf","Consent Form -Phototherapy Excimer Laser Consent Form.pdf","False","NEEDS_REVIEW"
"consent-form-q-switched-and-pico-laser-informed-consent-form","Consent Form -Q Switched and Pico Laser Informed Consent Form","","imc-approved-consent-form-q-switched-and-pico-laser-informed-consent-form","","","/approved-consent-forms/consent-form-q-switched-and-pico-laser-informed-consent-form.pdf","Consent Form -Q Switched and Pico Laser Informed Consent Form.pdf","False","NEEDS_REVIEW"
"consent-form-regenera-activa-consent-form","Consent Form -Regenera Activa Consent Form","","imc-approved-consent-form-regenera-activa-consent-form","","","/approved-consent-forms/consent-form-regenera-activa-consent-form.pdf","Consent Form -Regenera Activa Consent Form.pdf","False","NEEDS_REVIEW"
"consent-form-skin-lesion-treatment","Consent Form - Skin Lesion Treatment","","imc-approved-consent-form-skin-lesion-treatment","","","/approved-consent-forms/consent-form-skin-lesion-treatment.pdf","Consent Form - Skin Lesion Treatment.pdf","False","NEEDS_REVIEW"
"consent-for-tympanoplasty-with-or-without-mastoidectomy","Consent for Tympanoplasty with or without mastoidectomy","","imc-approved-consent-for-tympanoplasty-with-or-without-mastoidectomy","","","/approved-consent-forms/consent-for-tympanoplasty-with-or-without-mastoidectomy.pdf","Consent for Tympanoplasty with or without mastoidectomy (1).pdf","False","NEEDS_REVIEW"
"cosmetic-surgery","Cosmetic Surgery","","imc-approved-cosmetic-surgery","","","/approved-consent-forms/cosmetic-surgery.pdf","Cosmetic Surgery.pdf","False","NEEDS_REVIEW"
"cosmetic-surgery","Cosmetic Surgery","","imc-approved-cosmetic-surgery","","","/approved-consent-forms-patient-copy/cosmetic-surgery-patient-copy.pdf","Cosmetic Surgery - Patient Copy.pdf","True","NEEDS_REVIEW"
"cranial-surgery","Cranial Surgery","","imc-approved-cranial-surgery","","","/approved-consent-forms/cranial-surgery.pdf","Cranial Surgery.pdf","False","NEEDS_REVIEW"
"critical-care-consent","Critical Care Consent","","imc-approved-critical-care-consent","","","/approved-consent-forms/critical-care-consent.pdf","Critical Care Consent.pdf","False","NEEDS_REVIEW"
"ct-cardiac","CT Cardiac","","imc-approved-ct-cardiac","","","/approved-consent-forms-patient-copy/ct-cardiac-patient-copy.pdf","CT Cardiac - Patient Copy.pdf","True","NEEDS_REVIEW"
"ct-colonoscopy","CT Colonoscopy","","imc-approved-ct-colonoscopy","","","/approved-consent-forms-patient-copy/ct-colonoscopy-patient-copy.pdf","CT Colonoscopy - Patient Copy.pdf","True","NEEDS_REVIEW"
"ct-computed-tomography","CT (Computed Tomography)","","imc-approved-ct-computed-tomography","","","/approved-consent-forms-patient-copy/ct-computed-tomography-patient-copy.pdf","CT (Computed Tomography) - Patient Copy.pdf","True","NEEDS_REVIEW"
"cystogram","Cystogram","","imc-approved-cystogram","","","/approved-consent-forms-patient-copy/cystogram-patient-copy.pdf","Cystogram - Patient Copy.pdf","True","NEEDS_REVIEW"
"cystoscopy","Cystoscopy","","imc-approved-cystoscopy","","","/approved-consent-forms/cystoscopy.pdf","Cystoscopy.pdf","False","NEEDS_REVIEW"
"cystoscopy","Cystoscopy","","imc-approved-cystoscopy","","","/approved-consent-forms-patient-copy/cystoscopy-patient-copy.pdf","Cystoscopy - Patient Copy.pdf","True","NEEDS_REVIEW"
"cystoscopy-and-crushing-of-stone","Cystoscopy and crushing of stone","","imc-approved-cystoscopy-and-crushing-of-stone","","","/approved-consent-forms/cystoscopy-and-crushing-of-stone.pdf","Cystoscopy and crushing of stone.pdf","False","NEEDS_REVIEW"
"cystoscopy-and-crushing-of-stone","Cystoscopy and crushing of stone","","imc-approved-cystoscopy-and-crushing-of-stone","","","/approved-consent-forms-patient-copy/cystoscopy-and-crushing-of-stone-patient-copy.pdf","Cystoscopy and crushing of stone - Patient Copy.pdf","True","NEEDS_REVIEW"
"cystoscopy-and-removal-of-bladder-tumour","Cystoscopy and removal of bladder tumour","","imc-approved-cystoscopy-and-removal-of-bladder-tumour","","","/approved-consent-forms/cystoscopy-and-removal-of-bladder-tumour.pdf","Cystoscopy and removal of bladder tumour.pdf","False","NEEDS_REVIEW"
"cystoscopy-and-removal-of-bladder-tumour","Cystoscopy and removal of bladder tumour","","imc-approved-cystoscopy-and-removal-of-bladder-tumour","","","/approved-consent-forms-patient-copy/cystoscopy-and-removal-of-bladder-tumour-patient-copy.pdf","Cystoscopy and removal of bladder tumour - Patient  Copy.pdf","True","NEEDS_REVIEW"
"cystoscopy-and-retrograde-pyelogram-insertion-of-ureteric-stent","Cystoscopy and retrograde pyelogram insertion of ureteric stent","","imc-approved-cystoscopy-and-retrograde-pyelogram-insertion-of-ureteric-stent","","","/approved-consent-forms/cystoscopy-and-retrograde-pyelogram-insertion-of-ureteric-stent.pdf","Cystoscopy and retrograde pyelogram insertion of ureteric stent.pdf","False","NEEDS_REVIEW"
"cystoscopy-and-retrograde-pyelogram-insertion-of-ureteric-stent","Cystoscopy and retrograde pyelogram insertion of ureteric stent","","imc-approved-cystoscopy-and-retrograde-pyelogram-insertion-of-ureteric-stent","","","/approved-consent-forms-patient-copy/cystoscopy-and-retrograde-pyelogram-insertion-of-ureteric-stent-patient-copy.pdf","Cystoscopy and retrograde pyelogram insertion of ureteric stent - Patient Copy (1).pdf","True","NEEDS_REVIEW"
"cystoscopy-and-ureteroscopy-and-fragmentation-of-stone-lithocast","Cystoscopy and ureteroscopy and fragmentation of stone (lithocast)","","imc-approved-cystoscopy-and-ureteroscopy-and-fragmentation-of-stone-lithocast","","","/approved-consent-forms-patient-copy/cystoscopy-and-ureteroscopy-and-fragmentation-of-stone-lithocast-patient-copy.pdf","Cystoscopy and ureteroscopy and fragmentation of stone  (lithocast) - Patient Copy.pdf","True","NEEDS_REVIEW"
"cystoscopy-with-passage-of-ureteric-catheter","Cystoscopy with Passage of Ureteric catheter","","imc-approved-cystoscopy-with-passage-of-ureteric-catheter","","","/approved-consent-forms/cystoscopy-with-passage-of-ureteric-catheter.pdf","Cystoscopy with Passage of Ureteric catheter.pdf","False","NEEDS_REVIEW"
"cystoscopy-with-passage-of-ureteric-catheter","Cystoscopy with Passage of Ureteric catheter","","imc-approved-cystoscopy-with-passage-of-ureteric-catheter","","","/approved-consent-forms-patient-copy/cystoscopy-with-passage-of-ureteric-catheter-patient-copy.pdf","Cystoscopy with Passage of Ureteric catheter - Patient  Copy.pdf","True","NEEDS_REVIEW"
"cystotomy-supra-pubic","Cystotomy (Supra-Pubic)","","imc-approved-cystotomy-supra-pubic","","","/approved-consent-forms/cystotomy-supra-pubic.pdf","Cystotomy (Supra-Pubic).pdf","False","NEEDS_REVIEW"
"cystotomy-supra-pubic","Cystotomy (Supra-Pubic)","","imc-approved-cystotomy-supra-pubic","","","/approved-consent-forms-patient-copy/cystotomy-supra-pubic-patient-copy.pdf","Cystotomy (Supra-Pubic) - Patient Copy.pdf","True","NEEDS_REVIEW"
"dacrocystogram","Dacrocystogram","","imc-approved-dacrocystogram","","","/approved-consent-forms-patient-copy/dacrocystogram-patient-copy.pdf","Dacrocystogram - Patient Copy.pdf","True","NEEDS_REVIEW"
"dacryocystorhinostomy","Dacryocystorhinostomy","","imc-approved-dacryocystorhinostomy","","","/approved-consent-forms/dacryocystorhinostomy.pdf","Dacryocystorhinostomy.pdf","False","NEEDS_REVIEW"
"d-c-dilation-curettage","D & C (Dilation & Curettage)","","imc-approved-d-c-dilation-curettage","","","/approved-consent-forms/d-c-dilation-curettage.pdf","D & C (Dilation & Curettage).pdf","False","NEEDS_REVIEW"
"diagnostic-hysteroscopy-dilatation-curettage-d-c","Diagnostic Hysteroscopy Dilatation & Curettage (D & C)","","imc-approved-diagnostic-hysteroscopy-dilatation-curettage-d-c","","","/approved-consent-forms/diagnostic-hysteroscopy-dilatation-curettage-d-c.pdf","Diagnostic Hysteroscopy Dilatation & Curettage (D &  C).pdf","False","NEEDS_REVIEW"
"drainage-of-a-pseudocyst","Drainage of a Pseudocyst","","imc-approved-drainage-of-a-pseudocyst","","","/approved-consent-forms/drainage-of-a-pseudocyst.pdf","Drainage of a Pseudocyst.pdf","False","NEEDS_REVIEW"
"drainage-of-a-pseudocyst","Drainage of a Pseudocyst","","imc-approved-drainage-of-a-pseudocyst","","","/approved-consent-forms-patient-copy/drainage-of-a-pseudocyst-patient-copy.pdf","Drainage of a Pseudocyst - Patient Copy.pdf","True","NEEDS_REVIEW"
"drug-challenge-testing","Drug Challenge Testing","","imc-approved-drug-challenge-testing","","","/approved-consent-forms-patient-copy/drug-challenge-testing-patient-copy.pdf","Drug Challenge Testing - Patient Copy.pdf","True","NEEDS_REVIEW"
"drug-challenge-testing-intradermal-skin-test","Drug Challenge Testing (Intradermal Skin Test)","","imc-approved-drug-challenge-testing-intradermal-skin-test","","","/approved-consent-forms/drug-challenge-testing-intradermal-skin-test.pdf","Drug Challenge Testing (Intradermal Skin Test).pdf","False","NEEDS_REVIEW"
"drug-challenge-testing-intradermal-skin-test","Drug Challenge Testing (Intradermal Skin Test)","","imc-approved-drug-challenge-testing-intradermal-skin-test","","","/approved-consent-forms-patient-copy/drug-challenge-testing-intradermal-skin-test-patient-copy.pdf","Drug Challenge Testing (Intradermal Skin Test)-Patient Copy.pdf","True","NEEDS_REVIEW"
"drug-challenge-testing-intravenous","Drug Challenge Testing (Intravenous)","","imc-approved-drug-challenge-testing-intravenous","","","/approved-consent-forms/drug-challenge-testing-intravenous.pdf","Drug Challenge Testing (Intravenous).pdf","False","NEEDS_REVIEW"
"drug-challenge-testing-intravenous","Drug Challenge Testing (Intravenous)","","imc-approved-drug-challenge-testing-intravenous","","","/approved-consent-forms-patient-copy/drug-challenge-testing-intravenous-patient-copy.pdf","Drug Challenge Testing (Intravenous) - Patient Copy.pdf","True","NEEDS_REVIEW"
"drug-challenge-testing-oral","Drug Challenge Testing (Oral)","","imc-approved-drug-challenge-testing-oral","","","/approved-consent-forms/drug-challenge-testing-oral.pdf","Drug Challenge Testing (Oral).pdf","False","NEEDS_REVIEW"
"drug-challenge-testing-oral","Drug Challenge Testing (Oral)","","imc-approved-drug-challenge-testing-oral","","","/approved-consent-forms-patient-copy/drug-challenge-testing-oral-patient-copy.pdf","Drug Challenge Testing (Oral) - Patient Copy.pdf","True","NEEDS_REVIEW"
"drug-challenge-testing-subcutaneous","Drug Challenge Testing (Subcutaneous)","","imc-approved-drug-challenge-testing-subcutaneous","","","/approved-consent-forms-patient-copy/drug-challenge-testing-subcutaneous-patient-copy.pdf","Drug Challenge Testing (Subcutaneous) - Patient Copy.pdf","True","NEEDS_REVIEW"
"embolisation-of-blood-vessels-any-body-part","Embolisation of blood vessels (any body part)","","imc-approved-embolisation-of-blood-vessels-any-body-part","","","/approved-consent-forms/embolisation-of-blood-vessels-any-body-part.pdf","Embolisation of blood vessels (any body part).pdf","False","NEEDS_REVIEW"
"embolisation-of-blood-vessels-any-body-part","Embolisation of blood vessels (any body part)","","imc-approved-embolisation-of-blood-vessels-any-body-part","","","/approved-consent-forms-patient-copy/embolisation-of-blood-vessels-any-body-part-patient-copy.pdf","Embolisation of blood vessels (any body part)- Patient Copy.pdf","True","NEEDS_REVIEW"
"embolisation-uterine-artery-eua","Embolisation - Uterine Artery (EUA)","","imc-approved-embolisation-uterine-artery-eua","","","/approved-consent-forms/embolisation-uterine-artery-eua.pdf","Embolisation - Uterine Artery (EUA).pdf","False","NEEDS_REVIEW"
"embolisation-uterine-artery-eua","Embolisation - Uterine Artery (EUA)","","imc-approved-embolisation-uterine-artery-eua","","","/approved-consent-forms-patient-copy/embolisation-uterine-artery-eua-patient-copy.pdf","Embolisation - Uterine Artery (EUA) - Patient Copy.pdf","True","NEEDS_REVIEW"
"endometrial-resection-ablation","Endometrial Resection Ablation","","imc-approved-endometrial-resection-ablation","","","/approved-consent-forms/endometrial-resection-ablation.pdf","Endometrial Resection Ablation.pdf","False","NEEDS_REVIEW"
"ercp-gastroendoscopy","ERCP Gastroendoscopy","","imc-approved-ercp-gastroendoscopy","","","/approved-consent-forms/ercp-gastroendoscopy.pdf","ERCP Gastroendoscopy.pdf","False","NEEDS_REVIEW"
"ercp-gastroendoscopy","ERCP Gastroendoscopy","","imc-approved-ercp-gastroendoscopy","","","/approved-consent-forms-patient-copy/ercp-gastroendoscopy-patient-copy.pdf","ERCP Gastroendoscopy - Patient Copy.pdf","True","NEEDS_REVIEW"
"excision-of-a-lesion-and-flap-repair","Excision of a Lesion and Flap Repair","","imc-approved-excision-of-a-lesion-and-flap-repair","","","/approved-consent-forms/excision-of-a-lesion-and-flap-repair.pdf","Excision of a Lesion and Flap Repair.pdf","False","NEEDS_REVIEW"
"excision-of-a-lesion-and-flap-repair","Excision of a Lesion and Flap Repair","","imc-approved-excision-of-a-lesion-and-flap-repair","","","/approved-consent-forms-patient-copy/excision-of-a-lesion-and-flap-repair-patient-copy.pdf","Excision of a Lesion and Flap Repair - Patient Copy.pdf","True","NEEDS_REVIEW"
"excision-of-a-skin-lesion-or-subcutaneous-lump","Excision of a Skin Lesion or Subcutaneous Lump","","imc-approved-excision-of-a-skin-lesion-or-subcutaneous-lump","","","/approved-consent-forms/excision-of-a-skin-lesion-or-subcutaneous-lump.pdf","Excision of a Skin Lesion or Subcutaneous Lump.pdf","False","NEEDS_REVIEW"
"excision-of-a-skin-lesion-or-subcutaneous-lump","Excision of a Skin Lesion or Subcutaneous Lump","","imc-approved-excision-of-a-skin-lesion-or-subcutaneous-lump","","","/approved-consent-forms-patient-copy/excision-of-a-skin-lesion-or-subcutaneous-lump-patient-copy.pdf","Excision of a Skin Lesion or Subcutaneous Lump - Patient  Copy.pdf","True","NEEDS_REVIEW"
"exclusively-breastfed-baby-complementary-feed-consent","Exclusively Breastfed Baby Complementary Feed Consent","","imc-approved-exclusively-breastfed-baby-complementary-feed-consent","","","/approved-consent-forms/exclusively-breastfed-baby-complementary-feed-consent.pdf","Exclusively Breastfed Baby Complementary Feed  Consent.pdf","False","NEEDS_REVIEW"
"eyelid-entropion-or-ectropion-repair","Eyelid Entropion or Ectropion Repair","","imc-approved-eyelid-entropion-or-ectropion-repair","","","/approved-consent-forms/eyelid-entropion-or-ectropion-repair.pdf","Eyelid Entropion or Ectropion Repair.pdf","False","NEEDS_REVIEW"
"eyelid-surgery-blepharoplasty","Eyelid Surgery (Blepharoplasty)","","imc-approved-eyelid-surgery-blepharoplasty","","","/approved-consent-forms/eyelid-surgery-blepharoplasty.pdf","Eyelid Surgery (Blepharoplasty).pdf","False","NEEDS_REVIEW"
"eyelid-surgery-blepharoplasty","Eyelid Surgery (Blepharoplasty)","","imc-approved-eyelid-surgery-blepharoplasty","","","/approved-consent-forms-patient-copy/eyelid-surgery-blepharoplasty-patient-copy.pdf","Eyelid Surgery (Blepharoplasty) - Patient Copy.pdf","True","NEEDS_REVIEW"
"eylea-aflibercept","Eylea (Aflibercept)","","imc-approved-eylea-aflibercept","","","/approved-consent-forms/eylea-aflibercept.pdf","Eylea (Aflibercept).pdf","False","NEEDS_REVIEW"
"facelift","Facelift","","imc-approved-facelift","","","/approved-consent-forms/facelift.pdf","Facelift.pdf","False","NEEDS_REVIEW"
"facelift","Facelift","","imc-approved-facelift","","","/approved-consent-forms-patient-copy/facelift-patient-copy.pdf","Facelift - Patient Copy.pdf","True","NEEDS_REVIEW"
"female-sterilisation","Female Sterilisation","","imc-approved-female-sterilisation","","","/approved-consent-forms/female-sterilisation.pdf","Female Sterilisation.pdf","False","NEEDS_REVIEW"
"femoropopliteal-bypass","Femoropopliteal Bypass","","imc-approved-femoropopliteal-bypass","","","/approved-consent-forms/femoropopliteal-bypass.pdf","Femoropopliteal Bypass.pdf","False","NEEDS_REVIEW"
"femoropopliteal-bypass","Femoropopliteal Bypass","","imc-approved-femoropopliteal-bypass","","","/approved-consent-forms-patient-copy/femoropopliteal-bypass-patient-copy.pdf","Femoropopliteal Bypass - Patient Copy.pdf","True","NEEDS_REVIEW"
"femto-intracorneal-ring-implantation","Femto-Intracorneal Ring implantation","","imc-approved-femto-intracorneal-ring-implantation","","","/approved-consent-forms/femto-intracorneal-ring-implantation.pdf","Femto-Intracorneal Ring implantation.pdf","False","NEEDS_REVIEW"
"femto-lasik-surgery","Femto-LASIK_Surgery","","imc-approved-femto-lasik-surgery","","","/approved-consent-forms/femto-lasik-surgery.pdf","Femto-LASIK_Surgery.pdf","False","NEEDS_REVIEW"
"fibroadenoma-cyst","Fibroadenoma Cyst","","imc-approved-fibroadenoma-cyst","","","/approved-consent-forms/fibroadenoma-cyst.pdf","Fibroadenoma Cyst.pdf","False","NEEDS_REVIEW"
"fibroadenoma-cyst","Fibroadenoma Cyst","","imc-approved-fibroadenoma-cyst","","","/approved-consent-forms-patient-copy/fibroadenoma-cyst-patient-copy.pdf","Fibroadenoma Cyst - Patient Copy.pdf","True","NEEDS_REVIEW"
"fine-needle-aspiration","Fine needle aspiration","","imc-approved-fine-needle-aspiration","","","/approved-consent-forms/fine-needle-aspiration.pdf","Fine needle aspiration.pdf","False","NEEDS_REVIEW"
"fine-needle-aspiration","Fine needle aspiration","","imc-approved-fine-needle-aspiration","","","/approved-consent-forms-patient-copy/fine-needle-aspiration-patient-copy.pdf","Fine needle aspiration - Patient copy.pdf","True","NEEDS_REVIEW"
"fistula-faecal-small-bowel-gastric","Fistula Faecal Small Bowel Gastric","","imc-approved-fistula-faecal-small-bowel-gastric","","","/approved-consent-forms/fistula-faecal-small-bowel-gastric.pdf","Fistula Faecal Small Bowel Gastric.pdf","False","NEEDS_REVIEW"
"fistula-faecal-small-bowel-gastric","Fistula Faecal Small Bowel Gastric","","imc-approved-fistula-faecal-small-bowel-gastric","","","/approved-consent-forms-patient-copy/fistula-faecal-small-bowel-gastric-patient-copy.pdf","Fistula Faecal Small Bowel Gastric - Patient Copy.pdf","True","NEEDS_REVIEW"
"fistula-in-ano","Fistula in Ano","","imc-approved-fistula-in-ano","","","/approved-consent-forms/fistula-in-ano.pdf","Fistula in Ano.pdf","False","NEEDS_REVIEW"
"fistula-in-ano","Fistula in Ano","","imc-approved-fistula-in-ano","","","/approved-consent-forms-patient-copy/fistula-in-ano-patient-copy.pdf","Fistula in Ano - Patient Copy.pdf","True","NEEDS_REVIEW"
"fistulogram-sinogram","Fistulogram - Sinogram","","imc-approved-fistulogram-sinogram","","","/approved-consent-forms-patient-copy/fistulogram-sinogram-patient-copy.pdf","Fistulogram - Sinogram - Patient Copy.pdf","True","NEEDS_REVIEW"
"flexible-cystoscopy-under-local-anaesthetic","Flexible Cystoscopy under local anaesthetic","","imc-approved-flexible-cystoscopy-under-local-anaesthetic","","","/approved-consent-forms/flexible-cystoscopy-under-local-anaesthetic.pdf","Flexible Cystoscopy under local anaesthetic.pdf","False","NEEDS_REVIEW"
"ganglion-bursa","Ganglion Bursa","","imc-approved-ganglion-bursa","","","/approved-consent-forms/ganglion-bursa.pdf","Ganglion Bursa.pdf","False","NEEDS_REVIEW"
"ganglion-bursa","Ganglion Bursa","","imc-approved-ganglion-bursa","","","/approved-consent-forms-patient-copy/ganglion-bursa-patient-copy.pdf","Ganglion Bursa - Patient Copy.pdf","True","NEEDS_REVIEW"
"gastrectomy","Gastrectomy","","imc-approved-gastrectomy","","","/approved-consent-forms/gastrectomy.pdf","Gastrectomy.pdf","False","NEEDS_REVIEW"
"gastrectomy","Gastrectomy","","imc-approved-gastrectomy","","","/approved-consent-forms-patient-copy/gastrectomy-patient-copy.pdf","Gastrectomy - Patient Copy.pdf","True","NEEDS_REVIEW"
"gastrostomy-gastrojejunostomy-insertion","Gastrostomy-Gastrojejunostomy Insertion","","imc-approved-gastrostomy-gastrojejunostomy-insertion","","","/approved-consent-forms/gastrostomy-gastrojejunostomy-insertion.pdf","Gastrostomy-Gastrojejunostomy Insertion.pdf","False","NEEDS_REVIEW"
"gastrostomy-gastrojejunostomy-insertion","Gastrostomy-Gastrojejunostomy Insertion","","imc-approved-gastrostomy-gastrojejunostomy-insertion","","","/approved-consent-forms-patient-copy/gastrostomy-gastrojejunostomy-insertion-patient-copy.pdf","Gastrostomy-Gastrojejunostomy Insertion - Patient Copy.pdf","True","NEEDS_REVIEW"
"gastrostomy-insertion","Gastrostomy Insertion","","imc-approved-gastrostomy-insertion","","","/approved-consent-forms/gastrostomy-insertion.pdf","Gastrostomy Insertion.pdf","False","NEEDS_REVIEW"
"gastrostomy-insertion","Gastrostomy Insertion","","imc-approved-gastrostomy-insertion","","","/approved-consent-forms-patient-copy/gastrostomy-insertion-patient-copy.pdf","Gastrostomy Insertion - Patient Copy.pdf","True","NEEDS_REVIEW"
"generic-medical-imaging-consent","Generic Medical Imaging Consent","","imc-approved-generic-medical-imaging-consent","","","/approved-consent-forms/generic-medical-imaging-consent.pdf","Generic Medical Imaging Consent.pdf","False","NEEDS_REVIEW"
"haemorrhoid-removal","Haemorrhoid Removal","","imc-approved-haemorrhoid-removal","","","/approved-consent-forms/haemorrhoid-removal.pdf","Haemorrhoid Removal.pdf","False","NEEDS_REVIEW"
"haemorrhoid-removal","Haemorrhoid Removal","","imc-approved-haemorrhoid-removal","","","/approved-consent-forms-patient-copy/haemorrhoid-removal-patient-copy.pdf","Haemorrhoid Removal - Patient Copy.pdf","True","NEEDS_REVIEW"
"haemorrhoid-stapled","Haemorrhoid - Stapled","","imc-approved-haemorrhoid-stapled","","","/approved-consent-forms/haemorrhoid-stapled.pdf","Haemorrhoid - Stapled.pdf","False","NEEDS_REVIEW"
"haemorrhoid-stapled","Haemorrhoid - Stapled","","imc-approved-haemorrhoid-stapled","","","/approved-consent-forms-patient-copy/haemorrhoid-stapled-patient-copy.pdf","Haemorrhoid - Stapled - Patient Copy.pdf","True","NEEDS_REVIEW"
"hernia-inguinal-repair-child-young-person","Hernia - Inguinal Repair (Child-Young Person)","","imc-approved-hernia-inguinal-repair-child-young-person","","","/approved-consent-forms/hernia-inguinal-repair-child-young-person.pdf","Hernia - Inguinal Repair (Child-Young Person).pdf","False","NEEDS_REVIEW"
"hernia-inguinal-repair-child-young-person","Hernia - Inguinal Repair (Child-Young Person)","","imc-approved-hernia-inguinal-repair-child-young-person","","","/approved-consent-forms-patient-copy/hernia-inguinal-repair-child-young-person-patient-copy.pdf","Hernia - Inguinal Repair (Child-Young Person) - Patient Copy.pdf","True","NEEDS_REVIEW"
"hernia-laparoscopic-inguinal-hernia-repair","Hernia - Laparoscopic inguinal hernia repair","","imc-approved-hernia-laparoscopic-inguinal-hernia-repair","","","/approved-consent-forms/hernia-laparoscopic-inguinal-hernia-repair.pdf","Hernia - Laparoscopic inguinal hernia repair.pdf","False","NEEDS_REVIEW"
"hernia-laparoscopic-inguinal-hernia-repair","Hernia - Laparoscopic Inguinal Hernia Repair","","imc-approved-hernia-laparoscopic-inguinal-hernia-repair","","","/approved-consent-forms-patient-copy/hernia-laparoscopic-inguinal-hernia-repair-patient-copy.pdf","Hernia - Laparoscopic Inguinal Hernia Repair - Patient Copy.pdf","True","NEEDS_REVIEW"
"hernia-open-inguinal-hernia-repair","Hernia - Open Inguinal Hernia Repair","","imc-approved-hernia-open-inguinal-hernia-repair","","","/approved-consent-forms/hernia-open-inguinal-hernia-repair.pdf","Hernia - Open Inguinal Hernia Repair.pdf","False","NEEDS_REVIEW"
"hernia-open-inguinal-hernia-repair","Hernia - Open Inguinal Hernia Repair","","imc-approved-hernia-open-inguinal-hernia-repair","","","/approved-consent-forms-patient-copy/hernia-open-inguinal-hernia-repair-patient-copy.pdf","Hernia - Open Inguinal Hernia Repair - Patient Copy.pdf","True","NEEDS_REVIEW"
"hernia-ventral-incision-umbilical","Hernia - Ventral Incision Umbilical","","imc-approved-hernia-ventral-incision-umbilical","","","/approved-consent-forms/hernia-ventral-incision-umbilical.pdf","Hernia - Ventral Incision Umbilical.pdf","False","NEEDS_REVIEW"
"hernia-ventral-incision-umbilical","Hernia - Ventral Incision Umbilical","","imc-approved-hernia-ventral-incision-umbilical","","","/approved-consent-forms-patient-copy/hernia-ventral-incision-umbilical-patient-copy.pdf","Hernia - Ventral Incision Umbilical - Patient Copy.pdf","True","NEEDS_REVIEW"
"home-sleep-study-consent","Home Sleep Study Consent","","imc-approved-home-sleep-study-consent","","","/approved-consent-forms/home-sleep-study-consent.pdf","Home Sleep Study Consent.pdf","False","NEEDS_REVIEW"
"hydatid-cyst-of-the-liver","Hydatid Cyst of the Liver","","imc-approved-hydatid-cyst-of-the-liver","","","/approved-consent-forms/hydatid-cyst-of-the-liver.pdf","Hydatid Cyst of the Liver.pdf","False","NEEDS_REVIEW"
"hydatid-cyst-of-the-liver","Hydatid Cyst of the Liver","","imc-approved-hydatid-cyst-of-the-liver","","","/approved-consent-forms-patient-copy/hydatid-cyst-of-the-liver-patient-copy.pdf","Hydatid Cyst of the Liver - Patient Copy.pdf","True","NEEDS_REVIEW"
"hydrocele-repair-child-young-person","Hydrocele repair (Child-Young Person)","","imc-approved-hydrocele-repair-child-young-person","","","/approved-consent-forms/hydrocele-repair-child-young-person.pdf","Hydrocele repair (Child-Young Person).pdf","False","NEEDS_REVIEW"
"hydrocele-repair-child-young-person","Hydrocele repair (Child-Young Person)","","imc-approved-hydrocele-repair-child-young-person","","","/approved-consent-forms-patient-copy/hydrocele-repair-child-young-person-patient-copy.pdf","Hydrocele repair (Child-Young Person) - Patient Copy.pdf","True","NEEDS_REVIEW"
"hysterosalpingogram-hsg","Hysterosalpingogram (HSG)","","imc-approved-hysterosalpingogram-hsg","","","/approved-consent-forms/hysterosalpingogram-hsg.pdf","Hysterosalpingogram (HSG).pdf","False","NEEDS_REVIEW"
"hysterosalpingogram-hsg","Hysterosalpingogram (HSG)","","imc-approved-hysterosalpingogram-hsg","","","/approved-consent-forms-patient-copy/hysterosalpingogram-hsg-patient-copy.pdf","Hysterosalpingogram (HSG) - Patient Copy (1).pdf","True","NEEDS_REVIEW"
"hysteroscopy-and-curettage","Hysteroscopy and Curettage","","imc-approved-hysteroscopy-and-curettage","","","/approved-consent-forms/hysteroscopy-and-curettage.pdf","Hysteroscopy and Curettage.pdf","False","NEEDS_REVIEW"
"informed-consent-for-corneal-transplant-surgery","Informed Consent for Corneal Transplant Surgery","","imc-approved-informed-consent-for-corneal-transplant-surgery","","","/approved-consent-forms/informed-consent-for-corneal-transplant-surgery.pdf","Informed Consent for Corneal Transplant Surgery.pdf","False","NEEDS_REVIEW"
"informed-consent-for-pain-procedures","Informed Consent for Pain Procedures","","imc-approved-informed-consent-for-pain-procedures","","","/approved-consent-forms/informed-consent-for-pain-procedures.pdf","Informed Consent for Pain Procedures.pdf","False","NEEDS_REVIEW"
"ingrown-toenail-s-removal-of-nail-bed","Ingrown Toenail(s) & Removal of Nail Bed","","imc-approved-ingrown-toenail-s-removal-of-nail-bed","","","/approved-consent-forms/ingrown-toenail-s-removal-of-nail-bed.pdf","Ingrown Toenail(s) & Removal of Nail Bed.pdf","False","NEEDS_REVIEW"
"ingrown-toenail-s-removal-of-nail-bed","Ingrown Toenail(s) & Removal of Nail Bed","","imc-approved-ingrown-toenail-s-removal-of-nail-bed","","","/approved-consent-forms-patient-copy/ingrown-toenail-s-removal-of-nail-bed-patient-copy.pdf","Ingrown Toenail(s) & Removal of Nail Bed - Patient Copy.pdf","True","NEEDS_REVIEW"
"insertion-of-progesterone-releasing-intrauterine-device","Insertion of Progesterone-Releasing Intrauterine Device","","imc-approved-insertion-of-progesterone-releasing-intrauterine-device","","","/approved-consent-forms/insertion-of-progesterone-releasing-intrauterine-device.pdf","Insertion of Progesterone-Releasing Intrauterine  Device.pdf","False","NEEDS_REVIEW"
"insertion-of-suburethral-and-midurethral-tape-for-stress-incontinence-and-cystoscopy","Insertion of Suburethral and Midurethral Tape for Stress Incontinence and Cystoscopy","","imc-approved-insertion-of-suburethral-and-midurethral-tape-for-stress-incontinence-and-cystoscopy","","","/approved-consent-forms/insertion-of-suburethral-and-midurethral-tape-for-stress-incontinence-and-cystoscopy.pdf","Insertion of Suburethral and Midurethral Tape for Stress  Incontinence and Cystoscopy.pdf","False","NEEDS_REVIEW"
"insertion-of-tension-free-vaginal-tape-for-stress-incontinence-and-cystoscopy","Insertion of Tension Free Vaginal Tape for Stress Incontinence and Cystoscopy","","imc-approved-insertion-of-tension-free-vaginal-tape-for-stress-incontinence-and-cystoscopy","","","/approved-consent-forms/insertion-of-tension-free-vaginal-tape-for-stress-incontinence-and-cystoscopy.pdf","Insertion of Tension Free Vaginal Tape for Stress Incontinence and Cystoscopy.pdf","False","NEEDS_REVIEW"
"intercostal-catheter-insertion","Intercostal Catheter Insertion","","imc-approved-intercostal-catheter-insertion","","","/approved-consent-forms/intercostal-catheter-insertion.pdf","Intercostal Catheter Insertion.pdf","False","NEEDS_REVIEW"
"intussusception","Intussusception","","imc-approved-intussusception","","","/approved-consent-forms/intussusception.pdf","Intussusception.pdf","False","NEEDS_REVIEW"
"intussusception","Intussusception","","imc-approved-intussusception","","","/approved-consent-forms-patient-copy/intussusception-patient-copy.pdf","Intussusception - Patient Copy.pdf","True","NEEDS_REVIEW"
"intussusception-repair-child-young-person","Intussusception Repair (Child-Young Person)","","imc-approved-intussusception-repair-child-young-person","","","/approved-consent-forms/intussusception-repair-child-young-person.pdf","Intussusception Repair (Child-Young Person) (1).pdf","False","NEEDS_REVIEW"
"intussusception-repair-child-young-person","Intussusception Repair (Child-Young Person)","","imc-approved-intussusception-repair-child-young-person","","","/approved-consent-forms-patient-copy/intussusception-repair-child-young-person-patient-copy.pdf","Intussusception Repair (Child-Young Person) - Patient Copy (1).pdf","True","NEEDS_REVIEW"
"inverted-nipple-repair","Inverted nipple repair","","imc-approved-inverted-nipple-repair","","","/approved-consent-forms/inverted-nipple-repair.pdf","Inverted nipple repair.pdf","False","NEEDS_REVIEW"
"inverted-nipple-repair","Inverted nipple repair","","imc-approved-inverted-nipple-repair","","","/approved-consent-forms-patient-copy/inverted-nipple-repair-patient-copy.pdf","Inverted nipple repair - Patient copy.pdf","True","NEEDS_REVIEW"
"iodinated-contrast-injection-egfr","Iodinated Contrast Injection eGFR","","imc-approved-iodinated-contrast-injection-egfr","","","/approved-consent-forms/iodinated-contrast-injection-egfr.pdf","Iodinated Contrast Injection eGFR.pdf","False","NEEDS_REVIEW"
"ischiorectal-perianal-abscess","Ischiorectal Perianal Abscess","","imc-approved-ischiorectal-perianal-abscess","","","/approved-consent-forms/ischiorectal-perianal-abscess.pdf","Ischiorectal Perianal Abscess.pdf","False","NEEDS_REVIEW"
"ischiorectal-perianal-abscess","Ischiorectal Perianal Abscess","","imc-approved-ischiorectal-perianal-abscess","","","/approved-consent-forms-patient-copy/ischiorectal-perianal-abscess-patient-copy.pdf","Ischiorectal Perianal Abscess - Patient Copy.pdf","True","NEEDS_REVIEW"
"ivc-filter-insertion-removal","IVC Filter Insertion Removal","","imc-approved-ivc-filter-insertion-removal","","","/approved-consent-forms/ivc-filter-insertion-removal.pdf","IVC Filter Insertion Removal.pdf","False","NEEDS_REVIEW"
"ivc-filter-insertion-removal","IVC Filter Insertion Removal","","imc-approved-ivc-filter-insertion-removal","","","/approved-consent-forms-patient-copy/ivc-filter-insertion-removal-patient-copy.pdf","IVC Filter Insertion Removal - Patient Copy.pdf","True","NEEDS_REVIEW"
"ivp-intravenous-pyelogram","IVP (Intravenous Pyelogram)","","imc-approved-ivp-intravenous-pyelogram","","","/approved-consent-forms-patient-copy/ivp-intravenous-pyelogram-patient-copy.pdf","IVP (Intravenous Pyelogram) - Patient Copy.pdf","True","NEEDS_REVIEW"
"knee-arthroscopy-consent","Knee Arthroscopy Consent","","imc-approved-knee-arthroscopy-consent","","","/approved-consent-forms/knee-arthroscopy-consent.pdf","Knee Arthroscopy Consent.pdf","False","NEEDS_REVIEW"
"knee-arthroscopy-consent-patient-s-copy","Knee Arthroscopy Consent - Patient's Copy","","imc-approved-knee-arthroscopy-consent-patient-s-copy","","","/approved-consent-forms/knee-arthroscopy-consent-patient-s-copy.pdf","Knee Arthroscopy Consent - Patient's Copy.pdf","False","NEEDS_REVIEW"
"laparoscopy","Laparoscopy","","imc-approved-laparoscopy","","","/approved-consent-forms/laparoscopy.pdf","Laparoscopy.pdf","False","NEEDS_REVIEW"
"laparoscopy","Laparoscopy","","imc-approved-laparoscopy","","","/approved-consent-forms-patient-copy/laparoscopy-patient-copy.pdf","Laparoscopy - Patient Copy.pdf","True","NEEDS_REVIEW"
"laparostomy","Laparostomy","","imc-approved-laparostomy","","","/approved-consent-forms/laparostomy.pdf","Laparostomy.pdf","False","NEEDS_REVIEW"
"laparostomy","Laparostomy","","imc-approved-laparostomy","","","/approved-consent-forms-patient-copy/laparostomy-patient-copy.pdf","Laparostomy - Patient Copy.pdf","True","NEEDS_REVIEW"
"laparotomy","Laparotomy","","imc-approved-laparotomy","","","/approved-consent-forms/laparotomy.pdf","Laparotomy.pdf","False","NEEDS_REVIEW"
"laparotomy","Laparotomy","","imc-approved-laparotomy","","","/approved-consent-forms-patient-copy/laparotomy-patient-copy.pdf","Laparotomy - Patient Copy.pdf","True","NEEDS_REVIEW"
"large-loop-excision-of-transformation-zone-lletz-of-the-cervix","Large Loop Excision of Transformation Zone (LLETZ) of the Cervix","","imc-approved-large-loop-excision-of-transformation-zone-lletz-of-the-cervix","","","/approved-consent-forms/large-loop-excision-of-transformation-zone-lletz-of-the-cervix.pdf","Large Loop Excision of Transformation Zone (LLETZ) of the Cervix (1).pdf","False","NEEDS_REVIEW"
"lipectomy-apronectomy","Lipectomy (Apronectomy)","","imc-approved-lipectomy-apronectomy","","","/approved-consent-forms/lipectomy-apronectomy.pdf","Lipectomy (Apronectomy).pdf","False","NEEDS_REVIEW"
"lipectomy-apronectomy","Lipectomy (Apronectomy)","","imc-approved-lipectomy-apronectomy","","","/approved-consent-forms-patient-copy/lipectomy-apronectomy-patient-copy.pdf","Lipectomy (Apronectomy) - Patient Copy.pdf","True","NEEDS_REVIEW"
"lipectomy-suction","Lipectomy - Suction","","imc-approved-lipectomy-suction","","","/approved-consent-forms/lipectomy-suction.pdf","Lipectomy - Suction.pdf","False","NEEDS_REVIEW"
"lipectomy-suction","Lipectomy - Suction","","imc-approved-lipectomy-suction","","","/approved-consent-forms-patient-copy/lipectomy-suction-patient-copy.pdf","Lipectomy - Suction - Patient Copy.pdf","True","NEEDS_REVIEW"
"liver-abscess","Liver Abscess","","imc-approved-liver-abscess","","","/approved-consent-forms/liver-abscess.pdf","Liver Abscess.pdf","False","NEEDS_REVIEW"
"liver-abscess","Liver Abscess","","imc-approved-liver-abscess","","","/approved-consent-forms-patient-copy/liver-abscess-patient-copy.pdf","Liver Abscess - Patient Copy.pdf","True","NEEDS_REVIEW"
"liver-biopsy","Liver Biopsy","","imc-approved-liver-biopsy","","","/approved-consent-forms/liver-biopsy.pdf","Liver Biopsy.pdf","False","NEEDS_REVIEW"
"liver-biopsy","Liver Biopsy","","imc-approved-liver-biopsy","","","/approved-consent-forms-patient-copy/liver-biopsy-patient-copy.pdf","Liver Biopsy - Patient Copy.pdf","True","NEEDS_REVIEW"
"liver-resection","Liver Resection","","imc-approved-liver-resection","","","/approved-consent-forms/liver-resection.pdf","Liver Resection.pdf","False","NEEDS_REVIEW"
"liver-resection","Liver Resection","","imc-approved-liver-resection","","","/approved-consent-forms-patient-copy/liver-resection-patient-copy.pdf","Liver Resection - Patient Copy.pdf","True","NEEDS_REVIEW"
"lucentis-ranibizumab-intravitreal-injection","Lucentis (Ranibizumab Intravitreal Injection)","","imc-approved-lucentis-ranibizumab-intravitreal-injection","","","/approved-consent-forms/lucentis-ranibizumab-intravitreal-injection.pdf","Lucentis (Ranibizumab Intravitreal Injection).pdf","False","NEEDS_REVIEW"
"lumbar-puncture-for-intrathecal-chemotherapy","Lumbar Puncture for Intrathecal Chemotherapy","","imc-approved-lumbar-puncture-for-intrathecal-chemotherapy","","","/approved-consent-forms/lumbar-puncture-for-intrathecal-chemotherapy.pdf","Lumbar Puncture for Intrathecal Chemotherapy.pdf","False","NEEDS_REVIEW"
"lumbar-puncture-for-intrathecal-chemotherapy","Lumbar Puncture for Intrathecal Chemotherapy","","imc-approved-lumbar-puncture-for-intrathecal-chemotherapy","","","/approved-consent-forms-patient-copy/lumbar-puncture-for-intrathecal-chemotherapy-patient-copy.pdf","Lumbar Puncture for Intrathecal Chemotherapy - Patient Copy.pdf","True","NEEDS_REVIEW"
"lumbar-puncture-guided","Lumbar Puncture (Guided)","","imc-approved-lumbar-puncture-guided","","","/approved-consent-forms/lumbar-puncture-guided.pdf","Lumbar Puncture (Guided) (1).pdf","False","NEEDS_REVIEW"
"lumbar-puncture-guided","Lumbar Puncture (Guided)","","imc-approved-lumbar-puncture-guided","","","/approved-consent-forms-patient-copy/lumbar-puncture-guided-patient-copy.pdf","Lumbar Puncture (Guided) - Patient Copy.pdf","True","NEEDS_REVIEW"
"mastectomy","Mastectomy","","imc-approved-mastectomy","","","/approved-consent-forms/mastectomy.pdf","Mastectomy.pdf","False","NEEDS_REVIEW"
"medically-indicated-complementary-feed-consent","Medically Indicated Complementary Feed Consent","","imc-approved-medically-indicated-complementary-feed-consent","","","/approved-consent-forms/medically-indicated-complementary-feed-consent.pdf","Medically Indicated Complementary Feed Consent.pdf","False","NEEDS_REVIEW"
"microlaryngoscopy","Microlaryngoscopy","","imc-approved-microlaryngoscopy","","","/approved-consent-forms/microlaryngoscopy.pdf","Microlaryngoscopy.pdf","False","NEEDS_REVIEW"
"microlaryngoscopy","Microlaryngoscopy","","imc-approved-microlaryngoscopy","","","/approved-consent-forms-patient-copy/microlaryngoscopy-patient-copy.pdf","Microlaryngoscopy - Patient Copy.pdf","True","NEEDS_REVIEW"
"mri-magnetic-resonance-imaging","MRI (Magnetic Resonance Imaging)","","imc-approved-mri-magnetic-resonance-imaging","","","/approved-consent-forms-patient-copy/mri-magnetic-resonance-imaging-patient-copy.pdf","MRI (Magnetic Resonance Imaging) - Patient Copy.pdf","True","NEEDS_REVIEW"
"mri-with-or-without-contrast","MRI with or without contrast","","imc-approved-mri-with-or-without-contrast","","","/approved-consent-forms/mri-with-or-without-contrast.pdf","MRI with or without contrast.pdf","False","NEEDS_REVIEW"
"myringotomy","Myringotomy","","imc-approved-myringotomy","","","/approved-consent-forms/myringotomy.pdf","Myringotomy.pdf","False","NEEDS_REVIEW"
"myringotomy","Myringotomy","","imc-approved-myringotomy","","","/approved-consent-forms-patient-copy/myringotomy-patient-copy.pdf","Myringotomy - Patient Copy.pdf","True","NEEDS_REVIEW"
"neck-dissection-consent","Neck Dissection Consent","","imc-approved-neck-dissection-consent","","","/approved-consent-forms/neck-dissection-consent.pdf","Neck Dissection Consent.pdf","False","NEEDS_REVIEW"
"neck-dissection-consent","Neck Dissection Consent","","imc-approved-neck-dissection-consent","","","/approved-consent-forms-patient-copy/neck-dissection-consent-patient-copy.pdf","Neck Dissection Consent - Patient Copy.pdf","True","NEEDS_REVIEW"
"nephrectomy","Nephrectomy","","imc-approved-nephrectomy","","","/approved-consent-forms/nephrectomy.pdf","Nephrectomy.pdf","False","NEEDS_REVIEW"
"nephrectomy","Nephrectomy","","imc-approved-nephrectomy","","","/approved-consent-forms-patient-copy/nephrectomy-patient-copy.pdf","Nephrectomy - Patient Copy.pdf","True","NEEDS_REVIEW"
"nephrostomy-andor-ureteric-stent-insertion","Nephrostomy andor Ureteric Stent Insertion","","imc-approved-nephrostomy-andor-ureteric-stent-insertion","","","/approved-consent-forms/nephrostomy-andor-ureteric-stent-insertion.pdf","Nephrostomy andor Ureteric Stent Insertion (1).pdf","False","NEEDS_REVIEW"
"nonpalpable-breast-lump-localisation","Nonpalpable Breast Lump Localisation","","imc-approved-nonpalpable-breast-lump-localisation","","","/approved-consent-forms/nonpalpable-breast-lump-localisation.pdf","Nonpalpable Breast Lump Localisation.pdf","False","NEEDS_REVIEW"
"oesophagectomy","Oesophagectomy","","imc-approved-oesophagectomy","","","/approved-consent-forms/oesophagectomy.pdf","Oesophagectomy.pdf","False","NEEDS_REVIEW"
"oesophagoscopy","Oesophagoscopy","","imc-approved-oesophagoscopy","","","/approved-consent-forms/oesophagoscopy.pdf","Oesophagoscopy.pdf","False","NEEDS_REVIEW"
"oesophagoscopy","Oesophagoscopy","","imc-approved-oesophagoscopy","","","/approved-consent-forms-patient-copy/oesophagoscopy-patient-copy.pdf","Oesophagoscopy - Patient Copy.pdf","True","NEEDS_REVIEW"
"orchidectomy","Orchidectomy","","imc-approved-orchidectomy","","","/approved-consent-forms/orchidectomy.pdf","Orchidectomy.pdf","False","NEEDS_REVIEW"
"orchidectomy","Orchidectomy","","imc-approved-orchidectomy","","","/approved-consent-forms-patient-copy/orchidectomy-patient-copy.pdf","Orchidectomy - Patient Copy.pdf","True","NEEDS_REVIEW"
"orchidopexy-repair-of-undescended-testicles-child-young-person","Orchidopexy Repair of Undescended Testicles (Child-Young Person)","","imc-approved-orchidopexy-repair-of-undescended-testicles-child-young-person","","","/approved-consent-forms/orchidopexy-repair-of-undescended-testicles-child-young-person.pdf","Orchidopexy Repair of Undescended Testicles (Child-Young Person).pdf","False","NEEDS_REVIEW"
"orchidopexy-repair-of-undescended-testicles-child-young-person","Orchidopexy Repair of Undescended Testicles (Child-Young Person)","","imc-approved-orchidopexy-repair-of-undescended-testicles-child-young-person","","","/approved-consent-forms-patient-copy/orchidopexy-repair-of-undescended-testicles-child-young-person-patient-copy.pdf","Orchidopexy Repair of Undescended Testicles (Child-Young Person) - Patient Copy.pdf","True","NEEDS_REVIEW"
"orthopedic-surgery","Orthopedic Surgery","","imc-approved-orthopedic-surgery","","","/approved-consent-forms/orthopedic-surgery.pdf","Orthopedic Surgery.pdf","False","NEEDS_REVIEW"
"otoplasty-repair-of-prominent-ears","Otoplasty-Repair of Prominent Ears","","imc-approved-otoplasty-repair-of-prominent-ears","","","/approved-consent-forms/otoplasty-repair-of-prominent-ears.pdf","Otoplasty-Repair of Prominent Ears.pdf","False","NEEDS_REVIEW"
"otoplasty-repair-of-prominent-ears","Otoplasty-Repair of Prominent Ears","","imc-approved-otoplasty-repair-of-prominent-ears","","","/approved-consent-forms-patient-copy/otoplasty-repair-of-prominent-ears-patient-copy.pdf","Otoplasty-Repair of Prominent Ears - Patient Copy.pdf","True","NEEDS_REVIEW"
"ovarian-cystectomy-oophorectomy","Ovarian Cystectomy_Oophorectomy","","imc-approved-ovarian-cystectomy-oophorectomy","","","/approved-consent-forms/ovarian-cystectomy-oophorectomy.pdf","Ovarian Cystectomy_Oophorectomy.pdf","False","NEEDS_REVIEW"
"ozurdex","Ozurdex","","imc-approved-ozurdex","","","/approved-consent-forms/ozurdex.pdf","Ozurdex.pdf","False","NEEDS_REVIEW"
"palatoplasty-with-implants-repaired","Palatoplasty with implants (Repaired)","","imc-approved-palatoplasty-with-implants-repaired","","","/approved-consent-forms/palatoplasty-with-implants-repaired.pdf","Palatoplasty with implants (Repaired).pdf","False","NEEDS_REVIEW"
"palatoplasty-with-implants-repaired","Palatoplasty with implants (Repaired)","","imc-approved-palatoplasty-with-implants-repaired","","","/approved-consent-forms-patient-copy/palatoplasty-with-implants-repaired-patient-copy.pdf","Palatoplasty with implants (Repaired) - Patient Copy.pdf","True","NEEDS_REVIEW"
"pancreatitis-operation-for-acute-pancreatitis","Pancreatitis - Operation for Acute Pancreatitis","","imc-approved-pancreatitis-operation-for-acute-pancreatitis","","","/approved-consent-forms/pancreatitis-operation-for-acute-pancreatitis.pdf","Pancreatitis - Operation for Acute Pancreatitis.pdf","False","NEEDS_REVIEW"
"pancreatitis-operation-for-acute-pancreatitis","Pancreatitis - Operation for Acute Pancreatitis","","imc-approved-pancreatitis-operation-for-acute-pancreatitis","","","/approved-consent-forms-patient-copy/pancreatitis-operation-for-acute-pancreatitis-patient-copy.pdf","Pancreatitis - Operation for Acute Pancreatitis - Patient Copy.pdf","True","NEEDS_REVIEW"
"paracentesis-abdominus","Paracentesis Abdominus","","imc-approved-paracentesis-abdominus","","","/approved-consent-forms/paracentesis-abdominus.pdf","Paracentesis Abdominus.pdf","False","NEEDS_REVIEW"
"paracentesis-abdominus","Paracentesis Abdominus","","imc-approved-paracentesis-abdominus","","","/approved-consent-forms-patient-copy/paracentesis-abdominus-patient-copy.pdf","Paracentesis Abdominus - Patient Copy.pdf","True","NEEDS_REVIEW"
"paraphimosis-repair","Paraphimosis repair","","imc-approved-paraphimosis-repair","","","/approved-consent-forms/paraphimosis-repair.pdf","Paraphimosis repair.pdf","False","NEEDS_REVIEW"
"paraphimosis-repair","Paraphimosis repair","","imc-approved-paraphimosis-repair","","","/approved-consent-forms-patient-copy/paraphimosis-repair-patient-copy.pdf","Paraphimosis repair - Patient Copy.pdf","True","NEEDS_REVIEW"
"paraphimosis-repair-child-young-person-pediatric-opinion","Paraphimosis Repair (Child-Young Person) (PEDIATRIC OPINION)","","imc-approved-paraphimosis-repair-child-young-person-pediatric-opinion","","","/approved-consent-forms/paraphimosis-repair-child-young-person-pediatric-opinion.pdf","Paraphimosis Repair (Child-Young Person) (PEDIATRIC OPINION).pdf","False","NEEDS_REVIEW"
"paraphimosis-repair-child-young-person-pediatric-opinion","Paraphimosis Repair (Child-Young Person) (PEDIATRIC OPINION)","","imc-approved-paraphimosis-repair-child-young-person-pediatric-opinion","","","/approved-consent-forms-patient-copy/paraphimosis-repair-child-young-person-pediatric-opinion-patient-copy.pdf","Paraphimosis Repair (Child-Young Person) - Patient Copy (PEDIATRIC OPINION).pdf","True","NEEDS_REVIEW"
"parotidectomy","Parotidectomy","","imc-approved-parotidectomy","","","/approved-consent-forms/parotidectomy.pdf","Parotidectomy.pdf","False","NEEDS_REVIEW"
"parotidectomy","Parotidectomy","","imc-approved-parotidectomy","","","/approved-consent-forms-patient-copy/parotidectomy-patient-copy.pdf","Parotidectomy - Patient Copy.pdf","True","NEEDS_REVIEW"
"passage-of-sounds","Passage of sounds","","imc-approved-passage-of-sounds","","","/approved-consent-forms/passage-of-sounds.pdf","Passage of sounds.pdf","False","NEEDS_REVIEW"
"passage-of-sounds","Passage of sounds","","imc-approved-passage-of-sounds","","","/approved-consent-forms-patient-copy/passage-of-sounds-patient-copy.pdf","Passage of sounds - Patient Copy.pdf","True","NEEDS_REVIEW"
"percutaneous-endoscopic-gastrostomy-tube","Percutaneous Endoscopic Gastrostomy Tube","","imc-approved-percutaneous-endoscopic-gastrostomy-tube","","","/approved-consent-forms/percutaneous-endoscopic-gastrostomy-tube.pdf","Percutaneous Endoscopic Gastrostomy Tube.pdf","False","NEEDS_REVIEW"
"percutaneous-endoscopic-gastrostomy-tube","Percutaneous Endoscopic Gastrostomy Tube","","imc-approved-percutaneous-endoscopic-gastrostomy-tube","","","/approved-consent-forms-patient-copy/percutaneous-endoscopic-gastrostomy-tube-patient-copy.pdf","Percutaneous Endoscopic Gastrostomy Tube - Patient Copy.pdf","True","NEEDS_REVIEW"
"percutaneous-nephrolithotomy-pcnl","Percutaneous Nephrolithotomy (PCNL)","","imc-approved-percutaneous-nephrolithotomy-pcnl","","","/approved-consent-forms/percutaneous-nephrolithotomy-pcnl.pdf","Percutaneous Nephrolithotomy (PCNL).pdf","False","NEEDS_REVIEW"
"percutaneous-nephrolithotomy-pcnl","Percutaneous Nephrolithotomy (PCNL)","","imc-approved-percutaneous-nephrolithotomy-pcnl","","","/approved-consent-forms-patient-copy/percutaneous-nephrolithotomy-pcnl-patient-copy.pdf","Percutaneous Nephrolithotomy (PCNL) - Patient Copy.pdf","True","NEEDS_REVIEW"
"pilonidal-sinus","Pilonidal Sinus","","imc-approved-pilonidal-sinus","","","/approved-consent-forms/pilonidal-sinus.pdf","Pilonidal Sinus.pdf","False","NEEDS_REVIEW"
"pilonidal-sinus","Pilonidal Sinus","","imc-approved-pilonidal-sinus","","","/approved-consent-forms-patient-copy/pilonidal-sinus-patient-copy.pdf","Pilonidal Sinus - Patient Copy.pdf","True","NEEDS_REVIEW"
"plain-cath-insertion","Plain Cath Insertion","","imc-approved-plain-cath-insertion","","","/approved-consent-forms/plain-cath-insertion.pdf","Plain Cath Insertion.pdf","False","NEEDS_REVIEW"
"port-a-cath-insertion","Port-A-Cath Insertion","","imc-approved-port-a-cath-insertion","","","/approved-consent-forms/port-a-cath-insertion.pdf","Port-A-Cath Insertion.pdf","False","NEEDS_REVIEW"
"postop-instruction-of-stapedectomy-procedure","Postop Instruction of Stapedectomy Procedure","","imc-approved-postop-instruction-of-stapedectomy-procedure","","","/approved-consent-forms/postop-instruction-of-stapedectomy-procedure.pdf","Postop Instruction of Stapedectomy Procedure.pdf","False","NEEDS_REVIEW"
"probing-and-irrigation","Probing and Irrigation","","imc-approved-probing-and-irrigation","","","/approved-consent-forms/probing-and-irrigation.pdf","Probing and Irrigation.pdf","False","NEEDS_REVIEW"
"prostatectomy-radical","Prostatectomy (Radical)","","imc-approved-prostatectomy-radical","","","/approved-consent-forms/prostatectomy-radical.pdf","Prostatectomy (Radical).pdf","False","NEEDS_REVIEW"
"prostatectomy-radical","Prostatectomy (Radical)","","imc-approved-prostatectomy-radical","","","/approved-consent-forms-patient-copy/prostatectomy-radical-patient-copy.pdf","Prostatectomy (Radical) - Patient Copy.pdf","True","NEEDS_REVIEW"
"pterygium-excision-with-autograft","Pterygium Excision with Autograft","","imc-approved-pterygium-excision-with-autograft","","","/approved-consent-forms/pterygium-excision-with-autograft.pdf","Pterygium Excision with Autograft.pdf","False","NEEDS_REVIEW"
"ptosis","Ptosis","","imc-approved-ptosis","","","/approved-consent-forms/ptosis.pdf","Ptosis.pdf","False","NEEDS_REVIEW"
"punctoplasty","Punctoplasty","","imc-approved-punctoplasty","","","/approved-consent-forms/punctoplasty.pdf","Punctoplasty.pdf","False","NEEDS_REVIEW"
"pyloromyotomy-child-young-person","Pyloromyotomy (Child-Young Person)","","imc-approved-pyloromyotomy-child-young-person","","","/approved-consent-forms/pyloromyotomy-child-young-person.pdf","Pyloromyotomy (Child-Young Person).pdf","False","NEEDS_REVIEW"
"pyloromyotomy-child-young-person","Pyloromyotomy (Child-Young Person)","","imc-approved-pyloromyotomy-child-young-person","","","/approved-consent-forms-patient-copy/pyloromyotomy-child-young-person-patient-copy.pdf","Pyloromyotomy (Child-Young Person) - Patient Copy.pdf","True","NEEDS_REVIEW"
"pyloromyotomy-ramstedts-operation-child-young-person-pediatric-opinion","Pyloromyotomy (Ramstedts Operation) (Child-Young Person)(PEDIATRIC OPINION)","","imc-approved-pyloromyotomy-ramstedts-operation-child-young-person-pediatric-opinion","","","/approved-consent-forms/pyloromyotomy-ramstedts-operation-child-young-person-pediatric-opinion.pdf","Pyloromyotomy (Ramstedts Operation) (Child-Young Person)(PEDIATRIC OPINION).pdf","False","NEEDS_REVIEW"
"pyloromyotomy-ramstedts-operation-child-young-person-pediatric-opinion","Pyloromyotomy (Ramstedts Operation) (Child-Young Person) (PEDIATRIC OPINION)","","imc-approved-pyloromyotomy-ramstedts-operation-child-young-person-pediatric-opinion","","","/approved-consent-forms-patient-copy/pyloromyotomy-ramstedts-operation-child-young-person-pediatric-opinion-patient-copy.pdf","Pyloromyotomy (Ramstedts Operation) (Child-Young Person) - Patient Copy (PEDIATRIC OPINION).pdf","True","NEEDS_REVIEW"
"reduction-mammoplasty","Reduction Mammoplasty","","imc-approved-reduction-mammoplasty","","","/approved-consent-forms/reduction-mammoplasty.pdf","Reduction Mammoplasty.pdf","False","NEEDS_REVIEW"
"reduction-mammoplasty","Reduction Mammoplasty","","imc-approved-reduction-mammoplasty","","","/approved-consent-forms-patient-copy/reduction-mammoplasty-patient-copy.pdf","Reduction Mammoplasty - Patient Copy.pdf","True","NEEDS_REVIEW"
"reflux-operation-laparoscopic","Reflux Operation - Laparoscopic","","imc-approved-reflux-operation-laparoscopic","","","/approved-consent-forms/reflux-operation-laparoscopic.pdf","Reflux Operation - Laparoscopic.pdf","False","NEEDS_REVIEW"
"reflux-operation-laparoscopic","Reflux Operation - Laparoscopic","","imc-approved-reflux-operation-laparoscopic","","","/approved-consent-forms-patient-copy/reflux-operation-laparoscopic-patient-copy.pdf","Reflux Operation - Laparoscopic - Patient Copy.pdf","True","NEEDS_REVIEW"
"reflux-operation-open","Reflux Operation Open","","imc-approved-reflux-operation-open","","","/approved-consent-forms/reflux-operation-open.pdf","Reflux Operation Open.pdf","False","NEEDS_REVIEW"
"removal-of-ectopic-pregnancy-by-laparoscopy-laparotomy","Removal of Ectopic Pregnancy by Laparoscopy Laparotomy","","imc-approved-removal-of-ectopic-pregnancy-by-laparoscopy-laparotomy","","","/approved-consent-forms/removal-of-ectopic-pregnancy-by-laparoscopy-laparotomy.pdf","Removal of Ectopic Pregnancy by Laparoscopy  Laparotomy.pdf","False","NEEDS_REVIEW"
"removal-of-genital-warts","Removal of Genital Warts","","imc-approved-removal-of-genital-warts","","","/approved-consent-forms/removal-of-genital-warts.pdf","Removal of Genital Warts.pdf","False","NEEDS_REVIEW"
"rhinoplasty-surgery-consent","Rhinoplasty Surgery Consent","","imc-approved-rhinoplasty-surgery-consent","","","/approved-consent-forms/rhinoplasty-surgery-consent.pdf","Rhinoplasty Surgery Consent.pdf","False","NEEDS_REVIEW"
"rhinoplasty-surgery-consent","Rhinoplasty Surgery Consent","","imc-approved-rhinoplasty-surgery-consent","","","/approved-consent-forms-patient-copy/rhinoplasty-surgery-consent-patient-copy.pdf","Rhinoplasty Surgery Consent - Patient Copy.pdf","True","NEEDS_REVIEW"
"rigid-oesophagoscopy","Rigid Oesophagoscopy","","imc-approved-rigid-oesophagoscopy","","","/approved-consent-forms/rigid-oesophagoscopy.pdf","Rigid Oesophagoscopy.pdf","False","NEEDS_REVIEW"
"rigid-oesophagoscopy","Rigid Oesophagoscopy","","imc-approved-rigid-oesophagoscopy","","","/approved-consent-forms-patient-copy/rigid-oesophagoscopy-patient-copy.pdf","Rigid Oesophagoscopy - Patient Copy.pdf","True","NEEDS_REVIEW"
"septoplasty-and-turbinectomy","Septoplasty and Turbinectomy","","imc-approved-septoplasty-and-turbinectomy","","","/approved-consent-forms/septoplasty-and-turbinectomy.pdf","Septoplasty and Turbinectomy.pdf","False","NEEDS_REVIEW"
"septoplasty-and-turbinectomy","Septoplasty and Turbinectomy","","imc-approved-septoplasty-and-turbinectomy","","","/approved-consent-forms-patient-copy/septoplasty-and-turbinectomy-patient-copy.pdf","Septoplasty and Turbinectomy - Patient Copy.pdf","True","NEEDS_REVIEW"
"shoulder-arthroscopy","Shoulder Arthroscopy","","imc-approved-shoulder-arthroscopy","","","/approved-consent-forms-patient-copy/shoulder-arthroscopy-patient-copy.pdf","Shoulder Arthroscopy - Patient Copy.pdf","True","NEEDS_REVIEW"
"shoulder-arthroscopy-consent","Shoulder Arthroscopy Consent","","imc-approved-shoulder-arthroscopy-consent","","","/approved-consent-forms/shoulder-arthroscopy-consent.pdf","Shoulder Arthroscopy Consent.pdf","False","NEEDS_REVIEW"
"sino-nasal-surgery","Sino-Nasal Surgery","","imc-approved-sino-nasal-surgery","","","/approved-consent-forms/sino-nasal-surgery.pdf","Sino-Nasal Surgery.pdf","False","NEEDS_REVIEW"
"sino-nasal-surgery","Sino-Nasal Surgery","","imc-approved-sino-nasal-surgery","","","/approved-consent-forms-patient-copy/sino-nasal-surgery-patient-copy.pdf","Sino-Nasal Surgery - Patient Copy.pdf","True","NEEDS_REVIEW"
"skin-graft","Skin Graft","","imc-approved-skin-graft","","","/approved-consent-forms/skin-graft.pdf","Skin Graft.pdf","False","NEEDS_REVIEW"
"skin-graft","Skin Graft","","imc-approved-skin-graft","","","/approved-consent-forms-patient-copy/skin-graft-patient-copy.pdf","Skin Graft - Patient Copy.pdf","True","NEEDS_REVIEW"
"spine-surgery","Spine Surgery","","imc-approved-spine-surgery","","","/approved-consent-forms/spine-surgery.pdf","Spine Surgery.pdf","False","NEEDS_REVIEW"
"stapedectomy-informed-with-consent","Stapedectomy Informed with Consent","","imc-approved-stapedectomy-informed-with-consent","","","/approved-consent-forms/stapedectomy-informed-with-consent.pdf","Stapedectomy Informed with Consent.pdf","False","NEEDS_REVIEW"
"subcutaneous-mastectomy","Subcutaneous mastectomy","","imc-approved-subcutaneous-mastectomy","","","/approved-consent-forms/subcutaneous-mastectomy.pdf","Subcutaneous mastectomy.pdf","False","NEEDS_REVIEW"
"subcutaneous-mastectomy","Subcutaneous mastectomy","","imc-approved-subcutaneous-mastectomy","","","/approved-consent-forms-patient-copy/subcutaneous-mastectomy-patient-copy.pdf","Subcutaneous mastectomy- Patient copy.pdf","True","NEEDS_REVIEW"
"submucosal-diathemy-smd","Submucosal Diathemy (SMD)","","imc-approved-submucosal-diathemy-smd","","","/approved-consent-forms/submucosal-diathemy-smd.pdf","Submucosal Diathemy (SMD).pdf","False","NEEDS_REVIEW"
"submucosal-diathemy-smd","Submucosal Diathemy (SMD)","","imc-approved-submucosal-diathemy-smd","","","/approved-consent-forms-patient-copy/submucosal-diathemy-smd-patient-copy.pdf","Submucosal Diathemy (SMD) - Patient Copy.pdf","True","NEEDS_REVIEW"
"suction-evacuation-of-uterine-contents","Suction Evacuation of Uterine Contents","","imc-approved-suction-evacuation-of-uterine-contents","","","/approved-consent-forms/suction-evacuation-of-uterine-contents.pdf","Suction Evacuation of Uterine Contents.pdf","False","NEEDS_REVIEW"
"supra-pubic-catheter-insertion","Supra-Pubic catheter insertion","","imc-approved-supra-pubic-catheter-insertion","","","/approved-consent-forms/supra-pubic-catheter-insertion.pdf","Supra-Pubic catheter insertion.pdf","False","NEEDS_REVIEW"
"supra-pubic-catheter-insertion","Supra-Pubic catheter insertion","","imc-approved-supra-pubic-catheter-insertion","","","/approved-consent-forms-patient-copy/supra-pubic-catheter-insertion-patient-copy.pdf","Supra-Pubic catheter insertion - Patient Copy.pdf","True","NEEDS_REVIEW"
"swallow-meal","Swallow Meal","","imc-approved-swallow-meal","","","/approved-consent-forms/swallow-meal.pdf","Swallow Meal.pdf","False","NEEDS_REVIEW"
"termination-of-pregnancy-1st-trimester","Termination of Pregnancy - 1st Trimester","","imc-approved-termination-of-pregnancy-1st-trimester","","","/approved-consent-forms/termination-of-pregnancy-1st-trimester.pdf","Termination of Pregnancy - 1st Trimester.pdf","False","NEEDS_REVIEW"
"termination-of-pregnancy-2nd-trimester","Termination of Pregnancy - 2nd Trimester","","imc-approved-termination-of-pregnancy-2nd-trimester","","","/approved-consent-forms/termination-of-pregnancy-2nd-trimester.pdf","Termination of Pregnancy - 2nd Trimester.pdf","False","NEEDS_REVIEW"
"thoracentesis-pleural-tap","Thoracentesis (Pleural Tap)","","imc-approved-thoracentesis-pleural-tap","","","/approved-consent-forms/thoracentesis-pleural-tap.pdf","Thoracentesis (Pleural Tap).pdf","False","NEEDS_REVIEW"
"thoracentesis-pleural-tap","Thoracentesis (Pleural Tap)","","imc-approved-thoracentesis-pleural-tap","","","/approved-consent-forms-patient-copy/thoracentesis-pleural-tap-patient-copy.pdf","Thoracentesis (Pleural Tap) - Patient Copy.pdf","True","NEEDS_REVIEW"
"thyroidectomy","Thyroidectomy","","imc-approved-thyroidectomy","","","/approved-consent-forms-patient-copy/thyroidectomy-patient-copy.pdf","Thyroidectomy - Patient Copy.pdf","True","NEEDS_REVIEW"
"thyroplasty-type-1-consent","Thyroplasty Type 1 Consent","","imc-approved-thyroplasty-type-1-consent","","","/approved-consent-forms/thyroplasty-type-1-consent.pdf","Thyroplasty Type 1 Consent.pdf","False","NEEDS_REVIEW"
"thyroplasty-type-1-consent","Thyroplasty Type 1 Consent","","imc-approved-thyroplasty-type-1-consent","","","/approved-consent-forms-patient-copy/thyroplasty-type-1-consent-patient-copy.pdf","Thyroplasty Type 1 Consent - Patient Copy.pdf","True","NEEDS_REVIEW"
"tracheostomy-informed-consent","Tracheostomy Informed Consent","","imc-approved-tracheostomy-informed-consent","","","/approved-consent-forms/tracheostomy-informed-consent.pdf","Tracheostomy Informed Consent.pdf","False","NEEDS_REVIEW"
"tracheostomy-informed-consent","Tracheostomy Informed Consent","","imc-approved-tracheostomy-informed-consent","","","/approved-consent-forms-patient-copy/tracheostomy-informed-consent-patient-copy.pdf","Tracheostomy Informed Consent - Patient Copy.pdf","True","NEEDS_REVIEW"
"transduodenal-sphincteroplasty","Transduodenal Sphincteroplasty","","imc-approved-transduodenal-sphincteroplasty","","","/approved-consent-forms/transduodenal-sphincteroplasty.pdf","Transduodenal Sphincteroplasty.pdf","False","NEEDS_REVIEW"
"transduodenal-sphincteroplasty","Transduodenal Sphincteroplasty","","imc-approved-transduodenal-sphincteroplasty","","","/approved-consent-forms-patient-copy/transduodenal-sphincteroplasty-patient-copy.pdf","Transduodenal Sphincteroplasty - Patient Copy.pdf","True","NEEDS_REVIEW"
"transerethal-prostatectomy","Transerethal Prostatectomy","","imc-approved-transerethal-prostatectomy","","","/approved-consent-forms/transerethal-prostatectomy.pdf","Transerethal Prostatectomy.pdf","False","NEEDS_REVIEW"
"transerethal-prostatectomy","Transerethal Prostatectomy","","imc-approved-transerethal-prostatectomy","","","/approved-consent-forms-patient-copy/transerethal-prostatectomy-patient-copy.pdf","Transerethal Prostatectomy - Patient Copy.pdf","True","NEEDS_REVIEW"
"transesophageal-echocardiogram","Transesophageal Echocardiogram","","imc-approved-transesophageal-echocardiogram","","","/approved-consent-forms/transesophageal-echocardiogram.pdf","Transesophageal Echocardiogram.pdf","False","NEEDS_REVIEW"
"transesophageal-echocardiogram","Transesophageal Echocardiogram","","imc-approved-transesophageal-echocardiogram","","","/approved-consent-forms-patient-copy/transesophageal-echocardiogram-patient-copy.pdf","Transesophageal Echocardiogram - Patient Copy.pdf","True","NEEDS_REVIEW"
"upper-gastrointestinal-endoscopy","Upper Gastrointestinal Endoscopy","","imc-approved-upper-gastrointestinal-endoscopy","","","/approved-consent-forms/upper-gastrointestinal-endoscopy.pdf","Upper Gastrointestinal Endoscopy.pdf","False","NEEDS_REVIEW"
"upper-gastrointestinal-endoscopy","Upper Gastrointestinal Endoscopy","","imc-approved-upper-gastrointestinal-endoscopy","","","/approved-consent-forms-patient-copy/upper-gastrointestinal-endoscopy-patient-copy.pdf","Upper Gastrointestinal Endoscopy - Patient Copy.pdf","True","NEEDS_REVIEW"
"upper-gastrointestinal-endoscopy-for-bleeding","Upper Gastrointestinal Endoscopy for Bleeding","","imc-approved-upper-gastrointestinal-endoscopy-for-bleeding","","","/approved-consent-forms/upper-gastrointestinal-endoscopy-for-bleeding.pdf","Upper Gastrointestinal Endoscopy for Bleeding.pdf","False","NEEDS_REVIEW"
"upper-gastrointestinal-endoscopy-for-bleeding","Upper Gastrointestinal Endoscopy for Bleeding","","imc-approved-upper-gastrointestinal-endoscopy-for-bleeding","","","/approved-consent-forms-patient-copy/upper-gastrointestinal-endoscopy-for-bleeding-patient-copy.pdf","Upper Gastrointestinal Endoscopy for Bleeding - Patient Copy.pdf","True","NEEDS_REVIEW"
"uvulopalatopharyngoplasty","Uvulopalatopharyngoplasty","","imc-approved-uvulopalatopharyngoplasty","","","/approved-consent-forms/uvulopalatopharyngoplasty.pdf","Uvulopalatopharyngoplasty.pdf","False","NEEDS_REVIEW"
"uvulopalatopharyngoplasty","Uvulopalatopharyngoplasty","","imc-approved-uvulopalatopharyngoplasty","","","/approved-consent-forms-patient-copy/uvulopalatopharyngoplasty-patient-copy.pdf","Uvulopalatopharyngoplasty - Patient Copy.pdf","True","NEEDS_REVIEW"
"vaginal-repair-with-or-without-sacrospinous-colpopexy","Vaginal Repair With or without Sacrospinous Colpopexy","","imc-approved-vaginal-repair-with-or-without-sacrospinous-colpopexy","","","/approved-consent-forms/vaginal-repair-with-or-without-sacrospinous-colpopexy.pdf","Vaginal Repair With or without Sacrospinous Colpopexy.pdf","False","NEEDS_REVIEW"
"vaginal-repair-without-mesh","Vaginal Repair without Mesh","","imc-approved-vaginal-repair-without-mesh","","","/approved-consent-forms/vaginal-repair-without-mesh.pdf","Vaginal Repair without Mesh.pdf","False","NEEDS_REVIEW"
"varicocele-open","Varicocele - Open","","imc-approved-varicocele-open","","","/approved-consent-forms/varicocele-open.pdf","Varicocele - Open.pdf","False","NEEDS_REVIEW"
"varicocoele-laparoscopic-division-of-testicular-veins","Varicocoele (Laparoscopic Division of Testicular Veins)","","imc-approved-varicocoele-laparoscopic-division-of-testicular-veins","","","/approved-consent-forms/varicocoele-laparoscopic-division-of-testicular-veins.pdf","Varicocoele (Laparoscopic Division of Testicular Veins).pdf","False","NEEDS_REVIEW"
"varicocoele-laparoscopic-division-of-testicular-veins","Varicocoele (Laparoscopic Division of Testicular Veins)","","imc-approved-varicocoele-laparoscopic-division-of-testicular-veins","","","/approved-consent-forms-patient-copy/varicocoele-laparoscopic-division-of-testicular-veins-patient-copy.pdf","Varicocoele (Laparoscopic Division of Testicular Veins) - Patient Copy.pdf","True","NEEDS_REVIEW"
"varicose-veins","Varicose Veins","","imc-approved-varicose-veins","","","/approved-consent-forms/varicose-veins.pdf","Varicose Veins.pdf","False","NEEDS_REVIEW"
"vasectomy","Vasectomy","","imc-approved-vasectomy","","","/approved-consent-forms/vasectomy.pdf","Vasectomy.pdf","False","NEEDS_REVIEW"
"vasectomy","Vasectomy","","imc-approved-vasectomy","","","/approved-consent-forms-patient-copy/vasectomy-patient-copy.pdf","Vasectomy - Patient Copy.pdf","True","NEEDS_REVIEW"
"vermilionectomy","Vermilionectomy","","imc-approved-vermilionectomy","","","/approved-consent-forms/vermilionectomy.pdf","Vermilionectomy.pdf","False","NEEDS_REVIEW"
"vermilionectomy","Vermilionectomy","","imc-approved-vermilionectomy","","","/approved-consent-forms-patient-copy/vermilionectomy-patient-copy.pdf","Vermilionectomy - Patient Copy.pdf","True","NEEDS_REVIEW"
"vitrectomy-surgery","Vitrectomy Surgery","","imc-approved-vitrectomy-surgery","","","/approved-consent-forms/vitrectomy-surgery.pdf","Vitrectomy Surgery.pdf","False","NEEDS_REVIEW"
"vocal-cord-injection-under-la","Vocal Cord Injection under LA","","imc-approved-vocal-cord-injection-under-la","","","/approved-consent-forms/vocal-cord-injection-under-la.pdf","Vocal Cord Injection under LA.pdf","False","NEEDS_REVIEW"
"vocal-cord-injection-under-la","Vocal Cord Injection under LA","","imc-approved-vocal-cord-injection-under-la","","","/approved-consent-forms-patient-copy/vocal-cord-injection-under-la-patient-copy.pdf","Vocal Cord Injection under LA - Patient Copy.pdf","True","NEEDS_REVIEW"
"warts","Warts","","imc-approved-warts","","","/approved-consent-forms/warts.pdf","Warts.pdf","False","NEEDS_REVIEW"
"warts","Warts","","imc-approved-warts","","","/approved-consent-forms-patient-copy/warts-patient-copy.pdf","Warts - Patient Copy.pdf","True","NEEDS_REVIEW"
"whipples-operation","Whipples Operation","","imc-approved-whipples-operation","","","/approved-consent-forms/whipples-operation.pdf","Whipples Operation.pdf","False","NEEDS_REVIEW"
"whipples-operation","Whipples Operation","","imc-approved-whipples-operation","","","/approved-consent-forms-patient-copy/whipples-operation-patient-copy.pdf","Whipples Operation - Patient Copy.pdf","True","NEEDS_REVIEW"
"wide-local-excision-sentinel-lymph-node-biopsy","Wide local excision sentinel lymph node biopsy","","imc-approved-wide-local-excision-sentinel-lymph-node-biopsy","","","/approved-consent-forms/wide-local-excision-sentinel-lymph-node-biopsy.pdf","Wide local excision sentinel lymph node biopsy.pdf","False","NEEDS_REVIEW"
"wounds-skin-tissue-mucus-membranes","Wounds-Skin-Tissue-Mucus Membranes","","imc-approved-wounds-skin-tissue-mucus-membranes","","","/approved-consent-forms/wounds-skin-tissue-mucus-membranes.pdf","Wounds-Skin-Tissue-Mucus Membranes.pdf","False","NEEDS_REVIEW"
"wounds-skin-tissue-mucus-membranes","Wounds-Skin-Tissue-Mucus Membranes","","imc-approved-wounds-skin-tissue-mucus-membranes","","","/approved-consent-forms-patient-copy/wounds-skin-tissue-mucus-membranes-patient-copy.pdf","Wounds-Skin-Tissue-Mucus Membranes - Patient Copy.pdf","True","NEEDS_REVIEW"
